page_url,title,description,delivery_method,instruction_type,what_will_learn,prerequisites,target_students,instructor|1|name,instructor_bio,review|1|reviewer_name,review|1|photo,review|1|review,review|2|reviewer_name,review|2|photo,review|2|review,review|3|reviewer_name,review|3|photo,review|3|review,review|4|reviewer_name,review|4|photo,review|4|review,languages,total_duration,total_duration_unit,short_description,accessibilities,live_class,job_assistance,capstone_project,average_salary,batch|1|batch_start_date,batch|1|batch_end_date,batch|2|batch_start_date,batch|2|batch_end_date,batch|3|batch_start_date,batch|3|batch_end_date
https://mindmajix.com/perl-scripting-training,PERL Scripting Training,"<div class=""Curriculum_description__1LwKr""><p>MindMajix PERL Scripting Training: Learn Practical Extraction and Report Language Scripting on a various of platforms, such as Windows, Mac OS, and the various versions of UNIX. Expertise in Writing Perl scripts, Using variables, arrays, functions, hashes and scalars to create robust Perl programs, Manipulating &amp; Debugging, accessing a Relational Database., etc. Enroll &amp; Become Certified!</p></div>",Online,Instructor Paced,NaN,NaN,NaN,NaN,NaN,Adinarayana Gunnam,https://cdn.mindmajix.com/mern/images/instructor-male.svg,"I took PERL Scripting online classes with Mindmajix and my instructor was very good. Just wanted to let you know that I was successfully able to learn all the basics and advanced concepts with ease.
",sudipta adhikari ,https://cdn.mindmajix.com/mern/images/instructor-male.svg,"The PERL Scripting training I got from Mindmajix is job oriented and industry focused. The trainer dealt the course in a unique and comprehensive manner. The project dealt here was very helpful in gaining in-depth knowledge about the PERL Scripting concepts. . I rate this as the best training I have ever received.
",Radhika Bansal,https://cdn.mindmajix.com/mern/images/instructor-male.svg,Joining Mindmajix was a turning point in my professional life. I took PERL Scripting Training  and I am glad to say that my learning experience with Mindmajix was more than top-class. This is the perfect class to attend if you are totally new to PERL Scripting.,Srinivas Reddy,https://cdn.mindmajix.com/mern/images/instructor-male.svg,I have taken PERL Scripting course which is very informative and useful. Mindmajix is certainly a good platform to develop and strengthen your knowledge to excel in your profession.,English,25,Hours,Leverage the growing demand for Certified PERL Scripting Professionals,"Mobile,Desktop",TRUE,TRUE,TRUE,"₹9,051,302",2021-10-30T00:00:00,2021-11-14T00:00:00,2021-11-27T00:00:00,2021-12-12T00:00:00,2021-11-30T00:00:00,2021-12-15T00:00:00
https://mindmajix.com/full-stack-training,Full Stack Training,"<div class=""Curriculum_description__1LwKr""><p>Mindmajix Full Stack Training develops your skills in both front-end and back-end web technologies with hands-on sessions. The course leads you through the fundamentals of web development, JavaScript, jQuery, ReactJS, NodeJS, AngularJS, MongoDB, etc. and extends your knowledge in building complex web applications through real-time industry projects. Upon completion of this online training, you’ll become an expert to implement this knowledge in real-life. Enrol in our Full Stack Training to become a Full Stack Developer.</p></div>",Online,Instructor Paced,"|Web development fundamentals, HTML, CSS and building interactive web pages using jQuery & Javascript|How to build front-end applications using React JS|Database basics, integrating databases, and running queries|Basics of Java, and learn building web applications using Spring framework|Building a real-world application and deploy in Cloud|","What are the prerequisites for the Full Stack course?There are no specific prerequisites to learn Full Stack. Knowledge of web-development is an added advantage but not mandatory.
",|Web developers|Technical project leads and managers |Entrepreneurs who want to build their applications using Full stack|Graduates who wish to learn Full stack|,Ramakrishna,"Passion towards teaching made Ramakrishna share the industrial experience he has got for further generations. He has got a total of three years into the real-time industrial background and has trained over 350+ students.",Dhanya Gopinath,https://cdn.mindmajix.com/reviewer/dhanya-gopinath-full-stack-review-28092021.jpg,Thank You for the sessions that helped me gaining knowledge in Full-Stack. Trainers experience helped me to get detailed information regarding the key concepts and challenging tasks in Full Stack Development. Thanks for the entire training team in Mindmajix,Lokesh,https://cdn.mindmajix.com/mern/images/instructor-male.svg,Well-structured course and the instructor is very Experienced. He has an exceptional Knowledge on Full Stack and clears our doubts instantly and he makes sure that all the Students,Lokesh Puranam,https://cdn.mindmajix.com/mern/images/instructor-male.svg,"




The trainer of the mindmajix is top-rated and highly professional. This online course helped me to get vast knowledge in Full-Stack Development. Excellent and Great learning experience with Mindmajix.

",NaN,NaN,NaN,English,45,Hours,Leverage the growing demand for Certified Full Stack Professionals,"Mobile,Desktop",TRUE,TRUE,TRUE,"₹8,161,010",2021-10-30T00:00:00,2021-11-14T00:00:00,2021-11-27T00:00:00,2021-12-12T00:00:00,2021-11-30T00:00:00,2021-12-15T00:00:00
https://mindmajix.com/microservices-architecture-training,Microservices Architecture Training,"<div class=""Curriculum_description__1LwKr""><p>Mindmajix Microservices Architecture Training course makes you expert in using tools and techniques to build, manage and deploy containerised Microservices. This Microservices Architecture training course focusing on the key considerations for well-planned Microservices architectural design, Creating Microservices using messaging, events, Service patterns like Gateways, Adapters, Pipelines, Choreography, Continuous Delivery, Domain Driven Design (DDD) and Command Query Responsibility Segregation (CQRS). You will also get an exposure to industry based real-time projects in various verticals. Enroll Now For FREE Demo!</p></div>",Online,Instructor Paced,"|Microservices architecture design|Making appropriate architecture design|Gateways, Events, and Adapters|Implementing Continuous delivery|Domain Driven Design|","What are the prerequisites for the Microservices Architecture course?




The following are the prerequisites to take up this course:
Basic Knowledge of,

Java programming,
Spring framework, and
Maven.


",|Application architects|Software architects|Application developers|Developers working on web and cloud technologies|,Sekhar,"Having 10+ years of experience working closely with industry, Sekhar is one of the best-certified trainers of MindMajix. He has bagged Microservices and can deliver the best technology to our trainees.",Anurag,https://cdn.mindmajix.com/mern/images/instructor-male.svg,"Good team support, simple learning approach, and overall had a great experience on taking Microservices architecture training.",Sandeep Singh,https://cdn.mindmajix.com/reviewer/sandeep-singh-microservices-architecture-review-29092021.jpg,"Joined for Microservices Online training, the Instructor explains everything starting with basics to the core concepts, he had enough knowledge to make me master everything related to the course.",Sravya,https://cdn.mindmajix.com/mern/images/instructor-male.svg,"MindMajix has very good support team and well knowledged trainers, I have completed the course on Microservices Architecture through online classes, it was an awesome experience.",NaN,NaN,NaN,English,35,Hours,Leverage the growing demand for Certified Microservices Architecture Professionals,"Mobile,Desktop",TRUE,TRUE,TRUE,"₹8,902,920",2021-10-30T00:00:00,2021-11-14T00:00:00,2021-11-27T00:00:00,2021-12-12T00:00:00,2021-11-30T00:00:00,2021-12-15T00:00:00
https://mindmajix.com/android-training,Android Training,"<div class=""Curriculum_description__1LwKr""><p>Take your Android skills to the next level through our Android training. The course teaches you how to set up an Android environment and master its architecture, including notifications, animations, graphics, how to login users, add maps, and test your apps. You’ll acquire the practical development experience needed by working on real-time projects during the course. Get started with Mindmajix Android App training today to advance your career as an Android App developer!</p>
<p><br/> </p></div>",Online,Instructor Paced,NaN,NaN,NaN,Gowtham,"Gowtham has got 6+ years of industrial experience working for global MNCs. He chose to deliver online training and contribute informative articles and blogs to various websites to share his technical expertise.",Deepshika Naidu,https://cdn.mindmajix.com/mern/images/instructor-male.svg,Took the training for Android. Extremely satisfied with the training.  Your commitment was very much appreciable. The way of communication was also excellent so that we did not face any major problems in any of the Sessions.,Sindhuja,https://cdn.mindmajix.com/mern/images/instructor-male.svg,"Mindmajix Android instructor-led course is the best one, I have attended, by far. It covered all the topics exactly what I was hoping for.",Tanvi,https://cdn.mindmajix.com/mern/images/instructor-male.svg,Took the training for Android.  Extremely satisfied with the training.  Your commitment was very much appreciable. The way of communication was also excellent so that we did not face any major problems in any of the Sessions.,sudipta adhikari ,https://cdn.mindmajix.com/mern/images/instructor-male.svg,"




Perfect place to learn Android Training which is very helpful to my career. The course content is excellent and informative. I suggest Mindmajix would be the best institute to take Android Course. I shall recommend it to my friends and colleagues. 

",English,25,Hours,Leverage the growing demand for Certified Android Professionals,"Mobile,Desktop",TRUE,TRUE,TRUE,"₹6,273,739",2021-10-30T00:00:00,2021-11-14T00:00:00,2021-11-27T00:00:00,2021-12-12T00:00:00,2021-11-30T00:00:00,2021-12-15T00:00:00
https://mindmajix.com/node-js-training,Node.js Training,"<div class=""Curriculum_description__1LwKr""><p>Mindmajix Node.js certification training course familiarises you with the fundamental concepts of Node.js and provides hands-on experience in building applications efficiently using JavaScript. This training is specially designed for the developers striving for a successful career in this field. You’ll gain an in-depth knowledge of HTTP, filesystems, MongoDB, Express, data sources, SQLite CRUD operations, and more by hands-on online sessions. Accelerate your career as a Node.js developer by enrolling into this Node.js training.</p></div>",Online,Instructor Paced,"|Use Socketio platform to build chat application|Working with Grunt and Gulp|Work on file systems  Buffers, Events, and Streams in Nodejs|Building Expressjs connects with SQLite and MongoDB |","What are the prerequisites for the Node.js course?The  prerequisites for learning node.js are listed below:
Basic knowledge of:

JavaScripts
HTML/HTML 5

To brush up your skills, you can go through our self-paced videos on:

Javascript
Css 
HTML 

",|Aspirants or students who wish to learn web development|Technical leads and project managers |Full Stack web developers|QAs |Architects|,Vasu,"Having 5+ years of experience working closely with industry, Vasu is one of the best-certified trainers of MindMajix. He has bagged NodeJS and can deliver the best technology to our trainees.",siva prasad,https://cdn.mindmajix.com/mern/images/instructor-male.svg,"I took the Oracle Node.js training. Extremely satisfied with the training. Your commitment was very much appreciable. The way of communication was also excellent so that we did not face any major problems in any of the Sessions.
",Abhilash Menon,https://cdn.mindmajix.com/mern/images/instructor-male.svg,"The course structure was awesome. After attaining the Mindmajix Node.js Training, now, I look forward to beginning my career in it.
",Vaishnavi,https://cdn.mindmajix.com/mern/images/instructor-male.svg,Took the training for Node.JS Extremely satisfied with the training. Your commitment was very much appreciable. The way of communication was also excellent so that we did not face any major problems in any of the Sessions. Thank You Mindmajix.,NaN,NaN,NaN,English,10,Hours,Leverage the growing demand for Certified Node.js Professionals,"Mobile,Desktop",TRUE,TRUE,TRUE,"₹7,500,191",2021-10-30T00:00:00,2021-11-14T00:00:00,2021-11-27T00:00:00,2021-12-12T00:00:00,2021-11-30T00:00:00,2021-12-15T00:00:00
https://mindmajix.com/python-django-training,Python Django Training,"<div class=""Curriculum_description__1LwKr""><p>Master the fundamentals of Python Django from scratch through Mindmajix Python Django Training Course. You’ll gain hands-on expertise in Django REST framework, Django AJAX, Django Models, Django jQuery and more while working on real-time use cases. Trainee also explores the Python fundamentals, including writing Python scripts, working with databases, creating views, REST APIs, etc. in Django. Multiple hands-on projects are also included in this online course to make you expert in implementing Python Django in real-time.</p></div>",Online,Instructor Paced,"|Develop real-time applications using Python, Django framework|Create Django web applications to solve the required problem|Build an E-commerce to show off products|Integrate third-party payment portal for processing transactions|Physically represent data Using maps|","What are the prerequisites for the Python Django course?




The following are some of the prerequisites required for learning this course. Basic knowledge of,

Programming constructs
HTML

You can also go through our self-paced videos on HTML and CSS.

","|Web Developers|UI Developers and Technical Leads|Full Stack Developers|QAs, Architects|",Kamlesh,"With 7.5+ years of experience in training and nine years of working experience, Kamlesh is a certified professional, has trained more than 610+ students and delivered seven corporate firms with live online sessions worldwide.",Pooja,https://cdn.mindmajix.com/mern/images/instructor-male.svg,The content was very interesting and helpful. The trainer used to share a lot of real examples with us which helped us to grasp the concepts with much ease. Thank you Mindmajix.,Ashim Sen Gupta,https://cdn.mindmajix.com/reviewer/ashim-sen-gupta-python-django-review-28092021.jpg,"The trainer is very good, the pace was perfect, effectively cleared all my doubts with appropriate examples. I am glad to be part of this Python Django Training session. I thank Mindmajix for providing great course content and such knowledgeable trainers. Kudos to the support team for there great support all the time",Kumar Allada,https://cdn.mindmajix.com/reviewer/kumar-allada-python-django-review-28092021.jpg,"I am extremely thankful to Mindmajix for providing such good knowledge on Python Django course, Especially thanks to trainers for explaining from basics till end on Python Django during training sessions. Sincere thanks to Mindmajix for providing such good materials regarding courses.",KRUTI PUTUMBAKA,https://cdn.mindmajix.com/mern/images/instructor-male.svg,"Earlier I have taken many online training courses but definitely Mindmajix is the best among them. The quality they maintain is appreciable. Python Django  Training sessions are well structured and the trainer explained each and every concept with real-time scenarios. I truly recommend this course for the learners who want to gain expertise
",English,15,Hours,Leverage the growing demand for Certified Python Django Professionals,"Mobile,Desktop",TRUE,TRUE,TRUE,"₹8,680,347",2021-10-30T00:00:00,2021-11-14T00:00:00,2021-11-27T00:00:00,2021-12-12T00:00:00,2021-11-30T00:00:00,2021-12-15T00:00:00
https://mindmajix.com/core-java-training,Core Java Training,"<div class=""Curriculum_description__1LwKr""><p>Mindmajix Core Java training course is curated by industry-expert trainers as per latest IT requirements and demands. You will gain a firm foundation in Java by gaining hands-on experience on basic to advanced level techniques of Core Java 8, JDBC, Java servlets, etc., through industry use cases, and this will help you to become a certified Java expert.</p></div>",Online,Instructor Paced,"|Basic Core Java 8 Concepts|Implement String handling, Multithreading and Exception Handling techniques|Set up connections using JDBC for database communication|Servlet fundamentals such as HTTP Protocol, J2EE and HTML|Create a JSP through directives|Running Applications|Master Hibernate Query Language (HQL) and its exciting features|Map relationships with Hibernate|Configuring AOP in a Java application|Deep Dive into SOA architecture|Designing SOAP-based web services|","What are the prerequisites for the Core Java course?The prerequisites include basic programming knowledge and some real-time experience.  Additionally, knowledge of C# language is an added advantage.
",|Software developers|Web designers|Programming enthusiasts|Engineering graduates|Students who want to become Java developers|,Asheesh,"Having 8+ years of experience working closely with industry, Asheesh is one of the best-certified trainers of MindMajix. He has bagged Java, Selenium Web Driver, Appium, API Automation using rest assured, Cucumber, Jenkins, Maven,TestNG, GIT, BIT Bucket and can deliver the best technology to our trainees.",sudipta adhikari,https://cdn.mindmajix.com/mern/images/instructor-male.svg,"Mindmajix institute was learning hub for Core Java Training. I did my java certification with the great help of Trainer, Thank you Mindmajix keep on rocking.
",Dhillion,https://cdn.mindmajix.com/mern/images/instructor-male.svg,"Dear Mindmajix, 
Here i would like to share my feedback on Mindmajix Training. I really appreciate your interest in resolving the query. Thanks for making me expert in Core Java.",Shadab,https://cdn.mindmajix.com/mern/images/instructor-male.svg,I am so happy towards Learning Core Java in Mindmajix . Its very well organized and explain each and every question which I asked without any hesitation. Many Thanks for Training Team.,NaN,NaN,NaN,English,25,Hours,Leverage the growing demand for Certified Core Java Professionals,"Mobile,Desktop",TRUE,TRUE,TRUE,"₹33,088,667",2021-10-30T00:00:00,2021-11-14T00:00:00,2021-11-27T00:00:00,2021-12-12T00:00:00,2021-11-30T00:00:00,2021-12-15T00:00:00
https://mindmajix.com/go-training,Go Training,"<div class=""Curriculum_description__1LwKr""><p dir=""ltr"">Advance your career with Google’s most innovative language, Go. This comprehensive Golang Course is perfect for both beginners and experienced developers. Our experts have prepared a power-packed syllabus for this Go training which includes full of examples, hands-on exercises, projects, and an excellent code repository.  You’ll learn all the core constructs and techniques of Golang and then dive into the advanced features like error handling, templating, networking, etc. Our instructors will also give you ample opportunities to strike out on your own and start working on building efficient Go applications. By the time you finish this online training, you will have a solid understanding of Golang to pass certifications.</p></div>",Online,Instructor Paced,NaN,"What will you learn in this Golang training?




Upon completion of training at Mindmajix, you will excel in the following:

Understand the syntax and control structures of the Go programming language.
Explore the advanced features of Golang.
Use packages to organize code
Learn about variables, functions, constants, pointers, operators, arrays, etc. 
Understand the difference between maps and structs.
Concurrency with shared variables.


",|Programmers|Developers|Aspirants looking for a career in the prospective field.|,Kamalesh,"Having 8 years of experience working closely with industry, Kamalesh is one of the best-certified trainers of MindMajix. He has bagged Golang, Python, Python Django and can deliver the best technology to our trainees.",Munusamy,https://cdn.mindmajix.com/mern/images/instructor-male.svg,"It is my pleasure to inform that I have been selected for the position of ""GoLang Developer"". I joined MindMajix Technologies, for the Go Certification Course. I am thankful to Trainer for providing excellent guidance throughout the course.
",Arun Kumar,https://cdn.mindmajix.com/mern/images/instructor-male.svg,"Go Online Training was a very enriching experience. I am taking back a lot of knowledge back with me & hoping I get to use the technology soon. But most of all I loved learning from people who know so much about all of this technology. The trainer is very informed, friendly, and knowledgeable and helpful. A big thank you to MindMajix. It was great learning under you!
",Purnima,https://cdn.mindmajix.com/mern/images/instructor-male.svg,I am happy to tell you that I am placed with one of the great MNC just because of MindMajix. I would like to thank MindMajix team & Trainer. Thank you MindMajix for giving me this kind of opportunity to start my career.,NaN,NaN,NaN,English,45,Hours,Leverage the growing demand for Certified Go Professionals,"Mobile,Desktop",TRUE,TRUE,TRUE,"₹10,015,785",2021-10-30T00:00:00,2021-11-14T00:00:00,2021-11-27T00:00:00,2021-12-12T00:00:00,2021-11-30T00:00:00,2021-12-15T00:00:00
https://mindmajix.com/java-spring-training,Java Spring Training,"<div class=""Curriculum_description__1LwKr""><p>Mindmajix Java Spring training will help you learn all the fundamentals of Spring Framework from scratch to develop web applications. You’ll gain in-depth knowledge of configuration, Spring MVC, Hibernate, Spring Security, JDBC, Spring Boot, and more through practical executions. This training also offers two real-time projects to boost your developer skills and clear the Java Spring certification exam.</p></div>",Online,Instructor Paced,"|Develop Java applications|Set up and configure spring based applications|Test Spring-based applications|Set up Spring configuration using XML, Java configuration, and annotations|Use Spring support for transactions|Use JPA/Hibernate and JDBC with Spring to access relational databases|Use aspect-oriented programming (AOP)|","What are the prerequisites for the Java Spring course?Prerequisites to learn Java Spring are Java basics and fundamentals of Database.
",|Java developers|Web-App Developers|Spring developers|Aspirants who want to start their career in this field.|,Niket,"Niket has got 8+ years of industrial experience working for global MNCs. He chose to deliver online training and contribute informative articles and blogs to various websites to share his technical expertise.",Adinarayana Gunnam,https://cdn.mindmajix.com/mern/images/instructor-male.svg,"Best institute to learn Java spring. The trainer guided me very well and supported through out the training. I would even refer my friends to take the training from Mindmajix.
",Danny Joseph,https://cdn.mindmajix.com/mern/images/instructor-male.svg,"I took Java Spring Online Training from MindMajix. The Trainer is very experienced and is very friendly with us. He Clears all our Doubts with detail explanations, I suggest Other to choose MindMajix online training portal.
",Sonam,https://cdn.mindmajix.com/mern/images/instructor-male.svg,I took Java Spring training with Mindmajix and passed the exam in the first try after the course in less then 3 months.,NaN,NaN,NaN,English,18,Hours, Leverage the growing demand for Certified Java Spring Professionals,"Mobile,Desktop",TRUE,TRUE,TRUE,"₹6,951,474",2021-10-30T00:00:00,2021-11-14T00:00:00,2021-11-27T00:00:00,2021-12-12T00:00:00,2021-11-30T00:00:00,2021-12-15T00:00:00
https://mindmajix.com/ironpython-training,IronPython Training,"<div class=""Curriculum_description__1LwKr""><p>Mindmajix IronPython Training is designed to provide How to Create complex user Interfaces using property controls and IronPython scripts, How to develop IronPython scripts and their limitations, Execute any IronPython script from the JavaScript API, Spotfire Analyst User Guide, How to deploy custom python modules. This course also focus on Python and dynamic languages on .NET, The IronPython interactive interpreter, Python and dynamic languages on .NET, The IronPython interactive interpreter. Enroll &amp; Get Certified Now!</p></div>",Online,Instructor Paced,NaN,NaN,NaN,Akshit,"Having 8+ years of experience working closely with industry, Akshit is one of the best-certified trainers of MindMajix. He has bagged IronPython and can deliver the best technology to our trainees.
",Kaushik A,https://cdn.mindmajix.com/mern/images/instructor-male.svg,"Recently, I completed JavaScript Course from Mindmajix. It provides flexible course timings and responds to issues as soon as possible. I would highly recommend Mindmajix for my friends.
",Umesh,https://cdn.mindmajix.com/mern/images/instructor-male.svg,"Hai, I am Umesh I got trained at Mindmajix in IronPython Training. Let me share my experience maybe it might help someone. During the Training, we went from basics to the advanced levels of IronPython scripts & its limitations. Executed with JavaScript API & deployed several Python custom modules. The instructor is good in his knowledge of the area & was very helpful in clearing queries after each session. I would suggest one go for mindmajix online training.

",Subash,https://cdn.mindmajix.com/mern/images/instructor-male.svg,"The training is designed in a systematic manner, which helped me a lot. I was assigned to a project with low time to pursue my training in IronPython. The instructor had a great knowledge of the platform which helped me a lot. I suggest for a short time course conservation. Which in return helps a lot.",NaN,NaN,NaN,English,30,Hours,Leverage the growing demand for Certified IronPython Professionals,"Mobile,Desktop",TRUE,TRUE,TRUE,"₹8,586,644",2021-10-30T00:00:00,2021-11-14T00:00:00,2021-11-27T00:00:00,2021-12-12T00:00:00,2021-11-30T00:00:00,2021-12-15T00:00:00
https://mindmajix.com/iphone-development-training,IOS Training,"<div class=""Curriculum_description__1LwKr""><p>iOS Development training by Mindmajix will develop the core skills required to become a certified iOS developer. This course will train you on the detailed process of the app development using Xcode and Swift, and also provides deep knowledge on the core functionality of iOS, iOS architecture, Objective-C, Core Data, testing, and more through real-time use cases and projects.</p></div>",Online,Instructor Paced,"|Basics of iOS programming concepts|Understand the fundamentals of iOS architecture and concepts of Objective-C|Creating application layouts and developing complete apps|Understand about Web services, data storage, and address book usage|PLIST files and creating NS user default|Sprite Kit framework for rendering 2D games|Working on notification services on iOS|Apple Certification process|Uploading apps to the Apple App Store|","What are the prerequisites for the iOS Development course?Anyone interested in this field can take up this training course. Basic object-oriented programming knowledge can help.
",|System Developers and Web Developers|System Design Professionals|Apple iOS App Enthusiasts|,Raj Kumar,"Raj Kumar has got 8+ years of industrial experience working for global MNCs. He chose to deliver online training and contribute informative articles and blogs to various websites to share his technical expertise.",Andrea,https://cdn.mindmajix.com/mern/images/instructor-male.svg,I was little aware of ios development prior. But here I've learnt much more about ios development as they demonstrated with good set of examples. Sessions were assigned as per our own requirement. Thanks for everything.,Laura,https://cdn.mindmajix.com/mern/images/instructor-male.svg,"Great explanation of concepts through live examples, this helped me to link the topics and understand the connect between various topics of IOS Development. Excellent. Great learning experience.. Thanks a lot Mindmajix!!",Riya Agarwal,https://cdn.mindmajix.com/mern/images/instructor-male.svg,"Never thought learning IOS Development would be this easy. I sincerely thank Mindmajix for this wonderful training I got here. Amazing trainer, highly interactive sessions, great examples, what not! I got everything that is required to become an expert in IOS Development. Good job Mindmajix.",siva prasad,https://cdn.mindmajix.com/mern/images/instructor-male.svg,"




The course structure was awesome. After attaining the Mindmajix IOS Development Training, now, I look forward to beginning my career in it. I thank mindmajix for the best training. 

",English,30,Hours,Leverage the growing demand for Certified IOS Professionals,"Mobile,Desktop",TRUE,TRUE,TRUE,"₹8,549,548",2021-10-30T00:00:00,2021-11-14T00:00:00,2021-11-27T00:00:00,2021-12-12T00:00:00,2021-11-30T00:00:00,2021-12-15T00:00:00
https://mindmajix.com/javascript-training,JavaScript Training,"<div class=""Curriculum_description__1LwKr""><p>Become a certified JavaScript Developer by gaining in-depth knowledge on all the fundamentals of JavaScript programming language through our hands-on training sessions. The course will empower you with the skills required to design and develop interactive websites through real-time projects.</p></div>",Online,Instructor Paced,"|The core JavaScript elements to help you write your scripts|The fundamentals of jQuery to help you solidify your skills in script writing|The art of making your websites more interactive by adding content filters, animations, having sliders, form validations, and handling errors|","What are the prerequisites for the JavaScript course?Basic HTML and CSS knowledge is sufficient to pursue this JavaScript training.
",|Software developers|Aspiring web developers|Anyone interested in this domain|,Jaysree,"With 4+ years of experience in training and nine years of working experience, Jaysree is a certified professional, has trained more than 400+ students and delivered seven corporate firms with live online sessions worldwide.",saikumar Juluru,https://cdn.mindmajix.com/mern/images/instructor-male.svg,"Perfect place to learn JavaScript Online Training which is very helpful to my career. The course content is good and informative. I suggest Mindmajix would be the best institute to take JavaScript Course.
",Mamta Ossan,https://cdn.mindmajix.com/reviewer/mamta-ossan-javascript-review-28092021.jpg,I completed my JavaScript training. I personally feel that Mindmajix is the right place to embark on a successful JavaScript career. I shall definitely recommend it to my friends and colleagues.,Sree Chivukula,https://cdn.mindmajix.com/reviewer/sree-chivukula-javascript-review-29092021.jpg,Very good Hands-on JavaScript Learning Experience. It was helpful with recorded sessions and detailed course curriculum. Trainer had covered each and every topic with real time scenarios. Thanks to trainer and Mindmajix Team.,NaN,NaN,NaN,English,12,Hours,Leverage the growing demand for Certified JavaScript Professionals,"Mobile,Desktop",TRUE,TRUE,TRUE,"₹8,167,242",2021-10-30T00:00:00,2021-11-14T00:00:00,2021-11-27T00:00:00,2021-12-12T00:00:00,2021-11-30T00:00:00,2021-12-15T00:00:00
https://mindmajix.com/kotlin-training,Kotlin Training,"<div class=""Curriculum_description__1LwKr""><p>Mindmajix <strong>Kotlin Training</strong> is designed to level up your skills as a certified Kotlin developer by mastering all the key concepts of Kotlin with real-time examples. The course will walk you through the essential features of Kotlin and then progress towards working with variables, creating classes, functions, OOPs concepts, collections, etc.to build Android applications using Kotlin. Upon completion, you’ll become an expert in developing applications using Kotlin by working on hands-on projects.</p></div>",Online,Instructor Paced,NaN,NaN,NaN,Satheesh,"Satheesh has got 5+ years of industrial experience working for global MNCs. He chose to deliver online training and contribute informative articles and blogs to various websites to share his technical expertise.",Darshin,https://cdn.mindmajix.com/mern/images/instructor-male.svg,I have attended Kotlin Training from Mindmajix. The concepts were well explained and the lab sessions were useful. All questions were answered acceptably exspeciually the trainer is a real-time expert & working professional I had a good support from the team.,Nick,https://cdn.mindmajix.com/mern/images/instructor-male.svg,I got trained on Kotlin Training from mindmajix technologies. The Faculty is supportive and gave individual attention. During the lab sessions the trainer is very supportive in clearing all the queries raised.,Jeevan,https://cdn.mindmajix.com/mern/images/instructor-male.svg," I want to recommend Mindmajix if anyone is looking for the Kotlin Training. My experience is good with the Kotlin course that I opted for. The trainer is technically good and gave all the support required. The team is very helpful during my tenure in clearing all the queries about the course, sessions & material. I would recommend mindmajix, who is looking for online training.",NaN,NaN,NaN,English,30,Hours,Leverage the growing demand for Certified Kotlin Professionals,"Mobile,Desktop",TRUE,TRUE,TRUE,"₹10,386,740",2021-10-30T00:00:00,2021-11-14T00:00:00,2021-11-27T00:00:00,2021-12-12T00:00:00,2021-11-30T00:00:00,2021-12-15T00:00:00
https://mindmajix.com/labview-training,LabVIEW Training and Certification Course Online,"<div class=""Curriculum_description__1LwKr""><p>Become a certified LabVIEW developer by acquiring all the skills and proficiency in LabVIEW through our comprehensive training. You will gain a strong foundation in LabVIEW fundamentals and techniques and will be able to build applications effectively through our hands-on training sessions &amp; projects, and this helps you in clearing the LabVIEW certification exam.</p></div>",Online,Instructor Paced,"|Get an overview of fundamental concepts of LabVIEW, and its key features|Learn LabVIEW software design and development|Create Sub VI from existing code|Customize LabVIEW through real-time use cases|Get an overview of debugging tools used in LabVIEW to handle errors|Design and develop functional programs|Develop a framework for an application|Build application into an exe and set as startup|"," What are the prerequisites for the LabVIEW course?As such, there are no prerequisites for learning LabVIEW. Anyone who is interested in learning can join this training. This course can be pursued regardless of learners’ skills.
","|Programmers|Industrial automation engineers|IT professionals|Project Managers|Engineers in the field of electronics, robotics, and mechatronics.|",Nitesh,"Nitesh has got 5+ years of industrial experience working for global MNCs. He chose to deliver online training and contribute informative articles and blogs to various websites to share his technical expertise.",Pooja Varma,https://cdn.mindmajix.com/mern/images/instructor-male.svg,Mindmajix has taught me all the LabVIEW Concepts and took me to the next level. I truely thank Mindmajix for making me LabVIEW Developer.,Ravi Shankar,https://cdn.mindmajix.com/mern/images/instructor-male.svg,I have taken LabVIEW Training from Mindmajix. Trainer taught all the real time concepts thoroughly and very informative.,Ruby Isaac,https://cdn.mindmajix.com/mern/images/instructor-male.svg,I found the material for LabVIEW Course was to the point and Mindmajix delivered the best-in-class Training that helped me gain a thorough insight into many concepts.,William John,https://cdn.mindmajix.com/mern/images/instructor-male.svg,The trainer of the Mindmajix is top rated customer provided the more useful information In LabVIEW Training than the normal which helped me to improve my skills.. Thanks to mindmajix.,English,30,Hours,Leverage the growing demand for Certified LabVIEW Professionals,"Mobile,Desktop",TRUE,TRUE,TRUE,"₹10,127,072",2021-10-30T00:00:00,2021-11-14T00:00:00,2021-11-27T00:00:00,2021-12-12T00:00:00,2021-11-30T00:00:00,2021-12-15T00:00:00
https://mindmajix.com/mean-stack-training,MEAN Stack Training and Certification Course Online,"<div class=""Curriculum_description__1LwKr""><p>Advance your career as a Web developer by enrolling into Mindmajix MEAN Stack training, where you will gain a solid foundation on all the concepts of full stack JavaScript development using the MEAN (MongoDB, Express, Angular and Node.js) stack. You will also gain skills and expertise in designing different types of applications from the ground up to advanced level through hands-on projects. Enroll now and get certified.</p></div>",Online,Instructor Paced,"|Build web applications in js using the MEAN technologies|Design MEAN stack applications from scratch|Design and build RESTful APIs using MongoDB, Express, and Nodejs|Create and use MongoDB databases|Develop maintainable, modular single page applications using Angularjs 1x|","What are the prerequisites for the MEAN Stack course?The following are the prerequisites required for learning this course:
Basic knowledge of,

HTML
CSS 
JavaScript

Working knowledge of IDE (like Webstorm) would be an added advantage.
",|Web developers|Technical project managers |Technical leads|Entrepreneurs |,Ketan,"With 6+ years of experience in training and nine years of working experience, Ketan is a certified professional, has trained more than 250 students and delivered seven corporate firms with live online sessions worldwide.",Naman Patni,https://cdn.mindmajix.com/mern/images/instructor-male.svg,I had taken Mindmajix Mean Stack Online Training. An excellent online mode of learning. Now I am confident I can look out for a career in Mean Stack. Thanks again and looking forward to a lot more learning from Mindmajix!! I highly recommend it. All the best.,Rahmat Yuvraj,https://cdn.mindmajix.com/mern/images/instructor-male.svg,Recently I completed Mean Stack Certification Training from Mindmajix. Great Learning. The best investment I ever made in my career. I've learnt and benefitted a lot from Mindmajix and continue to be a member.,Aditi Kulkarni,https://cdn.mindmajix.com/mern/images/instructor-male.svg,Dear Mindmajix team. I am fully satisfied with your Mean Stack Training. Thank you for your guidance. Thanks a lot for making it so comprehensive with attention to detail.,VIKAS Shrivastava,https://cdn.mindmajix.com/mern/images/instructor-male.svg,"




Mindmajix is the best place to learn  MEAN Stack . The trainer deals with the course in a unique and comprehensive manner. Thanks to the mindmajix for their 24*7 support and Expert trainers.
 

",English,23,Hours,Leverage the growing demand for Certified MEAN Stack Professionals,"Mobile,Desktop",TRUE,TRUE,TRUE,"₹8,902,920",2021-10-30T00:00:00,2021-11-14T00:00:00,2021-11-27T00:00:00,2021-12-12T00:00:00,2021-11-30T00:00:00,2021-12-15T00:00:00
https://mindmajix.com/microservices-training,Microservices Training and Certification Course Online,"<div class=""Curriculum_description__1LwKr""><p>Mindmajix Microservices training enables you to master all the key fundamentals and advanced features of Microservices with real-time examples. You will gain in-depth knowledge of architecture design principles and tools to implement and manage Microservices based applications through hands-on projects, and this will help you to clear the Microservices certification exam.</p></div>",Online,Instructor Paced,"|Modern Application Architectures and Patterns|Service Registry and Discovery|Interservice communication|Bounded Context|Design Application with Domain Driven Design|Best Practices, Principles and Design Patterns of Microservices Architecture|Steps to migrate from Monolithic to Microservices|","What are the prerequisites for the Microservices course?There are no specific prerequisites to learn Microservices. Having basic knowledge of any programming language such as Java and frameworks such as Springboot is beneficial.
","|Testers, Software Engineers, Developers|Managers, Directors, CIOs, and VPs|System, and Solution Architects|PMO, and Process Leads|Development, QA, and Infrastructure Management Portfolio Managers|Anyone having the enthusiasm to learn Microservices|",Sekhar,"Having 10+ years of experience working closely with industry, Sekhar is one of the best-certified trainers of MindMajix. He has bagged Microservices and can deliver the best technology to our trainees.",VIKAS Shrivastava,https://cdn.mindmajix.com/mern/images/instructor-male.svg,"I would like to thank Mindmajix for making the Online Microservices course so efficient and effective. I found the course helpful and knowledge worthy. Thanks to the Mindmajix for their ultimate support.
",sureshnaidu mullaguri,https://media.licdn.com/dms/image/C4D03AQGYx6Tnt7shvQ/profile-displayphoto-shrink_200_200/0?e=1576108800&v=beta&t=4Ue6OycCbzefGhzdEvQbwFdtQq_KZVQUAn56aCvuHBA,"Microservices Trainers of Mindmajix simplified the topics of Microservices to help even an average learner grasp these toughest concepts. Thank you, Mindmajix
",Konreddy Mahalakshmi,https://cdn.mindmajix.com/mern/images/instructor-male.svg,"Mindmajix is the best place to learn Microservices. The trainer deals with the course in a unique and comprehensive manner. All thanks to Mindmajix and the trainer.
",Ankit Beohar,https://cdn.mindmajix.com/mern/images/instructor-male.svg,"




Very good learning Experience with Mindmajix. I learned the Microservices Online Course. It contains well structured Microservices content that helps me to get vast knowledge. Thanks to the mindmajix for their 24*7 support and Expert trainers.

",English,35,Hours,Leverage the growing demand for Certified Microservices Professionals,"Mobile,Desktop",TRUE,TRUE,TRUE,"₹8,931,558",2021-10-30T00:00:00,2021-11-14T00:00:00,2021-11-27T00:00:00,2021-12-12T00:00:00,2021-11-30T00:00:00,2021-12-15T00:00:00
https://mindmajix.com/oracle-apex-training,Oracle Apex Training Course Online,"<div class=""Curriculum_description__1LwKr""><p>Mindmajix Oracle Apex training will help you develop the skills and knowledge required to build database-centric web applications using Oracle Application Express. You will also learn how to extend your application by adding reports, collections, plugins, and more through hands-on exercises and projects, and this will enable you to become a certified Oracle APEX expert.</p></div>",Online,Instructor Paced,"|Understand Oracle APEX architecture, documentation and versions|Gain in-depth knowledge about SQL essentials |Learn to work with built-in themes and templates effectively|Learn how to make secure applications|Understand application navigation using shared components|Implementing Feedback mechanisms|Learn new techniques, trends, and latest Oracle APEX updates|","What are the prerequisites for the Oracle Apex course?There are no prerequisites required to learn Oracle Apex. Having SQL/PL SQL programming knowledge is an added advantage.
",|DBA|Database developer|Data analyst|SQL developer|Web developer|Data warehouse engineer|Professionals working with Database|,Murthy,"Murthy has got 8+ years of industrial experience working for global MNCs. He chose to deliver online training and contribute informative articles and blogs to various websites to share his technical expertise.
",Roy Abraham,https://cdn.mindmajix.com/mern/images/instructor-male.svg,"Mindmajix is an awesome responsive online training portal, it is well designed and flexible online Education Portal. I did the Oracle Apex course and extremely happy for the overall experience with mindmajix. one of the best reasons to recommend mindmajix is their response to clarify each and every doubt
",Ananya,https://cdn.mindmajix.com/mern/images/instructor-male.svg,"Mindmajix has very good instructors and technical support team, I have completed the course Oracle Apex through web training, and it was very good training, helped me to learn very swiftly. They had provided complete course videos so it will be useful in real time projects. I feel very happy to recommend Mindmajix for my friends on Oracle Apex course.",Sahasra,https://cdn.mindmajix.com/mern/images/instructor-male.svg,Best Oracle Apex training. Here trainers are well qualifies.. They give good tips for making it easy... I personally recommend Mindmajix for Oracle Apex,NaN,NaN,NaN,English,17,Hours,Leverage the growing demand for Certified Oracle Apex Professionals,"Mobile,Desktop",TRUE,TRUE,TRUE,"₹7,158,615",2021-10-30T00:00:00,2021-11-14T00:00:00,2021-11-27T00:00:00,2021-12-12T00:00:00,2021-11-30T00:00:00,2021-12-15T00:00:00
https://mindmajix.com/oracle-adf-training,Oracle Application Development Framework (ADF) Training,"<div class=""Curriculum_description__1LwKr""><p>Mindmajix’s Oracle ADF training offers hands-on experience in developing and deploying Java EE web applications using Oracle ADF. It provides in-detailed knowledge on how to use Oracle JDeveloper, application modules, troubleshooting, etc., through real-time use cases, and learning them will enable you to become a certified Oracle ADF developer.</p></div>",Online,Instructor Paced,|Understand the Oracle development environment and business components|Build data-bound web user interfaces|Implement real-life use cases and code samples|Customize application development life cycle|,"What are the prerequisites for the Oracle ADF course?The following are few prerequisites for learning Oracle ADF course:
Basic knowledge of.

Java programming language

To brush up your skills, you can check out our self paced videos on:

Core JAVA
Java scripts.

",|Software developers|Web application designers|UI/UX developers|Aspirants willing to build their career in the development field|,Jensen,"Jensen has got 8+ years of industrial experience working for global MNCs. He chose to deliver online training and contribute informative articles and blogs to various websites to share his technical expertise.
",Satish Volety,https://cdn.mindmajix.com/mern/images/instructor-male.svg,"Thank You for the sessions that helped me gaining knowledge in Oracle ADF. Trainers experience helped me to get detailed information regarding the key concepts and challenging tasks in real time. Thanks again.
",Ankur Agarwal,https://cdn.mindmajix.com/reviewer/ankur-agarwal-review-17102021.jpg,Perfect place to learn Oracle ADF Online Training which is very helpful to my career. The course content is good and informative. I suggest Mindmajix would be the best institute to take Oracle ADF Course.,Sumit Gupta,https://cdn.mindmajix.com/mern/images/instructor-male.svg,Thank You for the sessions that helped me gaining knowledge in Oracle ADF. Trainers experience helped me to get detailed information regarding the key concepts and challenging tasks in real time. Thanks to Mindmajix for all the help and support.,NaN,NaN,NaN,English,28,Hours,Leverage the growing demand for Certified Oracle ADF Professionals,"Mobile,Desktop",TRUE,TRUE,TRUE,"₹7,122,113",2021-10-30T00:00:00,2021-11-14T00:00:00,2021-11-27T00:00:00,2021-12-12T00:00:00,2021-11-30T00:00:00,2021-12-15T00:00:00
https://mindmajix.com/powerapps-training,PowerApps Training and Certification Course Online,"<div class=""Curriculum_description__1LwKr""><p>MindMajix offers immersive PowerApps Training both live online and self-paced. You’ll explore all the key essentials of PowerApps necessary for a strong foundation that will help prepare you to take on challenging PowerApps problems. Whether you’re just starting out or looking to refresh your knowledge, this PowerApps course is designed to offer an engaging opportunity to explore fundamentals through hands-on activities. You’ll master the concepts pertaining to PowerApps data connections, user interfaces, and then break down to different ways of building an app in PowerApps and understand how these concepts are applied under the hood.</p></div>",Online,Instructor Paced,|Microsoft PowerApps Application Developer|Microsoft PowerApps Tester|PowerApps Architect|PowerApps Consultant|,"Why should you learn this PowerApps Course?According to a study by Gartner, PowerApps ranked as a leader for low code development platforms. Currently, Microsoft PowerApps is one of the highest adopted solutions from medium to large-sized companies. Also, ZipRecruiter, a popular job searching portal, shows the job postings that require PowerApps skills offer impressive median salaries of around $98k-$170k per annum in the US. ",NaN,Syed,"Syed has got 5+ years of industrial experience working for global MNCs. He chose to deliver online training and contribute informative articles and blogs to various websites to share his technical expertise.",Mehta Jaimin,https://cdn.mindmajix.com/reviewer/jaimin-mehta-powerapps-review-18092021.jpg,"I have enrolled for PowerApps Training here at mindmajix and completed the course within the time period. The training team helped with planning my daily sessions with ease and the trainer cleared my doubts, helped me with learning resources. I would recommend mindmajix to learn powerapps.",Allada Kumar,https://cdn.mindmajix.com/reviewer/kumar-allada-powerapps-review-18092021.jpg," 
Powerapps Training by Mindmajix was terrific. This was my first experience with Mindmajix, and I must say that they have satisfied me in all aspects like course content, experienced trainers, well-organised training sessions, etc. Anyone who doesn't have prior Knowledge on Powerapps can attend this training as they will teach from scratch.",Nikitha Gowda,https://cdn.mindmajix.com/mern/images/instructor-male.svg,"I recently completed my Powerapps Training from Mindmajix. The course curriculum was prepared based on the new trends. Real-time Projects and Mock Interview sessions Provided by the Mindmajix helped me in cracking the interview.
",NaN,NaN,NaN,English,18,Hours,Enroll now for PowerApps Training to become expert in developing the Business Applications,"Mobile,Desktop",TRUE,TRUE,TRUE,"₹6,272,701",2021-10-30T00:00:00,2021-11-14T00:00:00,2021-11-27T00:00:00,2021-12-12T00:00:00,2021-11-30T00:00:00,2021-12-15T00:00:00
https://mindmajix.com/react-js-training,React JS Training and Certification Course Online,"<div class=""Curriculum_description__1LwKr""><p>Learn to leverage the power of React in this hands-on, project-based course. This online ReactJS course will take you from the absolute basics to building scalable, sophisticated web applications. You’ll learn all the latest ReactJS concepts - Redux, React Router, server-side rendering, JSX, events, Webpack, and much more with practical examples. The objective of this ReactJS certification training course is to make you a successful web developer with mastery over React. Get started with Mindmajix’s ReactJS training today to turn your ideas into reality!</p></div>",Online,Instructor Paced,|Understand React basics|Understand React key features|Learn about the Data Flow and usage with React|Manage data by using state and props of React|Learn how to handle events|Execute React’s robust router|Implement Bootstrap and CSS to style a React app|,"Who should learn this ReactJS Certification Course?Our React JS certification course is designed mainly for:

Aspirant wishing to build a career in frontend web application development.
Web developers who build UI/UI solutions for web and mobile apps.
Professionals who want to develop large-scale web applications using React.

",|Operating System|4 GB RAM|10 GB free space|,Vasu,"Having 5+ years of experience working closely with industry, Vasu is one of the best-certified trainers of MindMajix. He has bagged React js, Microservices and can deliver the best technology to our trainees.",Ketaki Nigade,https://cdn.mindmajix.com/reviewer/ketaki-nigade-react-js-review-28092021.jpg,Excellent learning Experience with Mindmajix. I learned React JS Online Training. It contains a well structured React course content that helps me to get vast knowledge. Thanks to the mindmajix for their 24*7 support and Expert trainers.,Lavanya Vattikuti,https://cdn.mindmajix.com/mern/images/instructor-male.svg,"I am a Customer at Mindmajix. I had completed React js online training with Expert faculty who had vast experience in React js. And their 24*7 support is incredible. I recommend this course for IT professionals who want to shift their careers.
",Jaiganesh Seetharaman,https://cdn.mindmajix.com/mern/images/instructor-male.svg,"It has a great experience to learn React js online course from Mindmajix.  I had enrolled for the React JS course. It helped me a lot professionally at my workplace. I am happy for choosing Mindmajix as my learning partner.
",Teena Chandra,https://cdn.mindmajix.com/reviewer/teena-chandra-react-js-review-29092021.jpg," 
I learned to React js course from basics to advanced concepts. A big thank you to the Mindmajix for their highly experienced & qualified trainers. I am very much happy for having enrolled for the best React training.",English,20,Hours,Leverage the growing demand for Certified React JS Professionals,"Mobile,Desktop",TRUE,TRUE,TRUE,"₹7,270,718",2021-10-30T00:00:00,2021-11-14T00:00:00,2021-11-27T00:00:00,2021-12-12T00:00:00,2021-11-30T00:00:00,2021-12-15T00:00:00
https://mindmajix.com/reactjs-with-redux-training,ReactJS with Redux Training,"<div class=""Curriculum_description__1LwKr""><p>Mindmajix ReactJS with Redux training is designed to level-up your skills to become a successful Client-Side Application Developer. Our training enables you to gain in-depth knowledge of React Router, Webpack, Async action &amp; Async flow, and more to build single page applications effectively. You’ll master every concept with practical executions and real-time examples. You’ll also gain hands-on exposure to various industry use cases and projects during training.</p></div>",Online,Instructor Paced,|Building web applications|React's Compositional Model|Build an Instagram-like Web App from scratch|Build Interactive Web Pages with defined Components|Manage your Application's Data with Redux|,"What are the prerequisites for the React JS with Redux course?




The following are the prerequisites for learning this course:
Basic knowledge of,

HTML
CSS 
JavaScript. 

Having previous programming experience would be an added advantage

",|Web developers|Front-end developers|UI developers|,Ramakrishna,"Having 9+ years of experience working closely with industry, Ramakrishna is one of the best-certified trainers of MindMajix. He has bagged Ui Developer, React JS, FullStack and can deliver the best technology to our trainees.",Daney,https://cdn.mindmajix.com/mern/images/instructor-male.svg,"I have completed my training in Mindmajix, Had a great session. Overall my experience was good with the trainer and the support team. Thank you!!",Ramya,https://cdn.mindmajix.com/mern/images/instructor-male.svg,I'm Ramya from USA completed my bachelor in technology and undergone reactJS with redux course for one month from mindmajix. Overall training is really good and learnt a lot from the trainer. Thank you Mindmajix!!,Keerthi,https://cdn.mindmajix.com/mern/images/instructor-male.svg,"Mindmajix is super awesome. I took the ReactJS with Redux class. The lecture was arranged properly and consecutively, easy to understand. Also, the project in every module can be adapted to the real world business. If anyone wants to learn ReactJS with Redux, I recommend Mindmajix!!",VIKAS Shrivastava,https://cdn.mindmajix.com/reviewer/vikas-shrivastava-reactjs-with-redux-review-29092021.jpg," 
Mindmajix is the best place to learn ReactJS with Redux. The trainer deals with the course in a unique and comprehensive manner. Thanks to the mindmajix for their 24*7 support and Expert trainers. ",English,35,Hours,Leverage the growing demand for Certified ReactJS with Redux professionals,"Mobile,Desktop",TRUE,TRUE,TRUE,"₹5,696,385",2021-10-30T00:00:00,2021-11-14T00:00:00,2021-11-27T00:00:00,2021-12-12T00:00:00,2021-11-30T00:00:00,2021-12-15T00:00:00
https://mindmajix.com/net-training,.NET Training Course Online,"<div class=""Curriculum_description__1LwKr""><p>Mindmajix .NET training offers hands-on expertise to design and develop web applications/solutions using .NET under the guidance of industry experts. The course will make you proficient in basic fundamentals as well as advanced patterns, and also make you work on two real-time projects to strengthen your skills and clear the .NET certification exam.</p></div>",Online,Instructor Paced,"|Understanding the MVC Design structure|Understand the architecture of ASPNET MVC|Develop application following controllers, views, and model format|Develop custom model binders|Develop a database-centric application and Implement security using forms authentications|Divide the application into multiple modules using areas|","What are the prerequisites for the .NET course?There are no particular prerequisites required. Both technical and non-technical aspirants can learn this course.
",|IT Experts|Software engineers|Web developers|Testing engineers|,Vilas,Prepared self-paced video content for .Net.,Rohan Gune,https://cdn.mindmajix.com/mern/images/instructor-male.svg,It was a wonderful experience to learn .NET Training from the Mindmajix. The trainer has taught me all the VB.NET Concepts and took me to the next level. I truly thank Mindmajix.,Asif Hasan,https://cdn.mindmajix.com/mern/images/instructor-male.svg,"I took .NET training from Mindmajix. I must say the course content was highly qualitative and the trainer covered all concepts. Overall it was a good experience with Mindmajix.
",John Phillips,https://cdn.mindmajix.com/mern/images/instructor-male.svg,"It was a great experience to undergo and get certified in the .Net course from MindMajix. As a working professional, it has not only given me an exposure to the domain, but also helped me learn cross technologies and develop an inclination towards it. The trainer had a great hold on the domain, who came with a handy industry experience. Quality of the training materials, assignments, project, support and other infrastructures are a top notch. Definitely a course to undergo if you are a .Net enthusiast. Thanks MindMajix and team! Pleasure being an associate.",Ravi Madhav,https://cdn.mindmajix.com/mern/images/instructor-male.svg,"




The whole package is highly satisfied. I was able to derive quality insights from the SQL Server DBA Online Course. A big thanks to everyone in Mindmajix for their 24*7 support and Quality Training.

",English,50,Hours,Leverage the growing demand for Certified .NET Professionals,"Mobile,Desktop",TRUE,TRUE,TRUE,"₹6,856,881",2021-10-30T00:00:00,2021-11-14T00:00:00,2021-11-27T00:00:00,2021-12-12T00:00:00,2021-11-30T00:00:00,2021-12-15T00:00:00
https://mindmajix.com/python-training,Python Training and Certification Course Online,"<div class=""Curriculum_description__1LwKr""><p>Learn Python from scratch through Mindmajix’s <strong>Python Training</strong>. Our Python Course training is designed to help you gain in-depth knowledge on all the essential concepts of Object-Oriented Programming, Python Programming, third-party modules, etc. Python Certification provides you with a gateway to enhance your career in the world of programming. You will also work on two real-time projects during the training period which are primarily in-lined with the Python Certification exam.</p></div>",Online,Instructor Paced,NaN,"Who should learn Python? This training is the perfect choice for those who are into programming and aiming to have a lucrative career in this field. The professionals  who can take this training are:

Freshers
Professionals having experience of Programming
Software developers
Project Managers
Software Testing Professionals
Professionals who aim to make a career in big data with Python
Aspirants who have a deep desire for learning Python

","|Python is an easy-to-learn programming language and can be used as a stepping stone for getting into other web frameworks.|There are more Job opportunities for Python professionals in top MNCs when compared to other technologies. |Since several big companies rely on Python, you can make good money as a Python developer.|Python is a great Career Prospect.|According to TIOBE-index, Python was considered as the “Language of the year” in 2018. |Several Python developers across the globe today are developing a variety of software packages for application in numerous industries.|The average salary of a Certified Python Developer is US$116,379 per year.|",Anand,"Anand has got 5+ years of industrial experience working for global MNCs. He chose to deliver online training and contribute informative articles and blogs to various websites to share his technical expertise.",Anindya Banerjee,https://cdn.mindmajix.com/reviewer/anindya-banerjee-review-17102021.jpg,Mindmajix as a team is awesome and I am impressed with the kind of support they provide right from the registration gate point to till the passing of the certification exam... Python Training helped me a lot. Thank you Mindmajix team!,Raja sekhar Ganduri,https://cdn.mindmajix.com/reviewer/raja-sekhar-ganduri-python-review-29092021.jpg,The Python online training at Mindmajix was excellent. The trainer was maintained the highly professional degree throughout the training. He had great patience in clarifying doubts and aslo explains the small concepts with outstanding examples.,Mohammed Ibrahim Khadar M,https://cdn.mindmajix.com/reviewer/mohammed-ibrahim-khadar-mohideen-python-review-28092021.jpg,"Thanks, Mindmajix..... Really a good place to learn Python technology Clear understanding of concepts and really clear explanation of everything about that technology special thanks to my trainer. Being a real-time experience guy he helped me a lot with real-time concepts.",Praveen Gali,https://cdn.mindmajix.com/mern/images/instructor-male.svg,"The Python training from MindMajix and trainer knowledge are so excellent and satisfied me. The pdf documents which are provided by the trainer are so helpful.
",English,20,Hours,Leverage the growing demand for Certified Python Professionals,"Mobile,Desktop",TRUE,TRUE,TRUE,"₹9,644,830",2021-10-30T00:00:00,2021-11-14T00:00:00,2021-11-27T00:00:00,2021-12-12T00:00:00,2021-11-30T00:00:00,2021-12-15T00:00:00
https://mindmajix.com/ruby-on-rails-training,Ruby on Rails Training,"<div class=""Curriculum_description__1LwKr""><p>Mindmajix Ruby On Rails training provides in-depth knowledge on all the core fundamentals of Ruby and MVC design patterns through real-time use cases and projects. By the end of the training, you will become an expert in designing and developing both front end and back end websites and solutions using Ruby on rails. This will enable you to become a certified Ruby On Rails developer.</p></div>",Online,Instructor Paced,|Developing both front end and back end Websites with Rails|You will also learn how to become an active part in Ruby on Rails community and get access to a wealth of information online|,"What are the prerequisites for the Ruby on Rails course?There are no specific prerequisites to learn Ruby on Rails. Having Basic knowledge of HTML, XML or any OOP languages is an added advantage.
",|Software developers having basic HTML knowledge|Programmers|Professionals who want to gain mastery over Rails quickly.|Web Designers wishing to evolve as full stack developers.|,Krishaveni,"Krishnaveni has got 5+ years of industrial experience working for global MNCs. She chose to deliver online training and contribute informative articles and blogs to various websites to share his technical expertise.",Pravalika,https://cdn.mindmajix.com/mern/images/instructor-male.svg,Thank You for the sessions that helped me gaining knowledge in Ruby On Rails. Trainers experience helped me to get detailed information regarding the key concepts and challenging tasks in real time. Thanks for Mindmajix.,Richard Lane,https://cdn.mindmajix.com/mern/images/instructor-male.svg,Best Ruby On Rails training. Here trainers are well qualifies.. They give good tips for making it easy... I personally recommend Mindmajix for Ruby On Rails Training.,siva prasad,https://cdn.mindmajix.com/mern/images/instructor-male.svg,"I ensure that Mindmajix is the best institute, for Ruby On Rails Certification Training.  I had a great experience with the Mindmajix Training team, including their expert trainers. Thanks to the entire Mindamajix Team.

",Abhilash Menon Abhilash h,https://cdn.mindmajix.com/mern/images/instructor-male.svg,"




I took Ruby On Rails Training from Mindmajix. The whole package is highly satisfied. The instructor covered all concepts. A big thanks to everyone in Mindmajix for their 24*7 support and Quality Training.

",English,30,Hours,Leverage the growing demand for Certified Ruby on Rails Professionals,"Mobile,Desktop",TRUE,TRUE,TRUE,"₹8,582,266",2021-10-30T00:00:00,2021-11-14T00:00:00,2021-11-27T00:00:00,2021-12-12T00:00:00,2021-11-30T00:00:00,2021-12-15T00:00:00
https://mindmajix.com/oracle-oaf-training,Oracle Application Framework (OAF) Training,"<div class=""Curriculum_description__1LwKr""><p>Become an Oracle Application Framework developer by gaining the required skills to build and deploy web-based front end pages and J2EE type applications in the Oracle E-business suite platform. Our training also offers two real-time projects to improve your proficiency and knowledge to clear the OAF certification exam.</p></div>",Online,Instructor Paced,"|Get an overview of OAF architecture, process flow, and MVC design pattern|Use JDeveloper to build OAF applications|Master the basics of BC4J, and types of objects used in the OAF Application module|Build and customize the OA framework page|Debug OA Framework applications in Oracle eBusiness Suite using JDeveloper debugger|Implement the business logic and partial page rendering in OAF|Learn how to implement internationalization in OAF|Create deployment profiles, deploying view and controller in OAF|","What are the prerequisites for the OAF course?The prerequisites for learning OAF are listed below:

The participant should have a basic knowledge of Core Java and J2EE.
The participant should be familiar with Oracle Applications and PL/SQL.

",|Java developer|J2EE developer|Technical consultant|Technical administrator|Support Engineer|Application Developer|Professionals who want to extend their skill-set with advanced technologies.|,Sreesanth,"Sreesanth has got 14+ years of industrial experience working for global MNCs. He chose to deliver online training and contribute informative articles and blogs to various websites to share his technical expertise.
",Anshul Arora,https://cdn.mindmajix.com/mern/images/instructor-male.svg,I enrolled with Mindmajix for Oracle Application Framework. Training was excellent and well executed by the trainer.,Raja sekhar Ganduri,https://cdn.mindmajix.com/reviewer/raja-sekhar-ganduri-oracle-oaf-review-29092021.jpg," 
Mindmajix as a team is awesome and I am impressed with the kind of support they provide right from the registration gate point to till the passing of the certification exam. Oracle Application FrameworkTraining was helped me a lot. Thank you Mindmajix team!",Satish Volety,https://cdn.mindmajix.com/mern/images/instructor-male.svg,"Thank You for the sessions that helped me gaining knowledge in Oracle Application Framework (OAF) Training. Trainers experience helped me to get detailed information regarding the key concepts and challenging tasks in real time. 

",NaN,NaN,NaN,English,20,Hours,Leverage the growing demand for Certified OAF Professionals,"Mobile,Desktop",TRUE,TRUE,TRUE,"₹7,003,334",2021-10-30T00:00:00,2021-11-14T00:00:00,2021-11-27T00:00:00,2021-12-12T00:00:00,2021-11-30T00:00:00,2021-12-15T00:00:00
https://mindmajix.com/python-training-new-york,Python Training in New York,"<div class=""Curriculum_description__1LwKr""><p>Python Training in New York by Mindmajix is here to train aspirants into best in class Python developers explaining and excelling in Python’s extensive concepts. Starting from the basics of programming knowledge to advanced concepts of Python including two exclusive real-time projects to demonstrate the importance of programming is delivered by experienced certified trainers. Mindmajix aims to deliver certification syllabus that focuses on basics, data types, evaluations, flow control evaluations, data collections, functions, data aggregates, exceptions, file processing, engineering tools and GUI programming. Every batch is provided with updated projects to keep the things clear and a course completion certificate is awarded to the trainees on successful completion of the training from Mindmajix.</p></div>",Online,Instructor Paced,NaN,"Who should take up this Python Online Training Course?




Aspirants who want to build their strong career in revolutionary technologies like artificial intelligence, machine learning, data science, big data etc should understand the importance of programming knowledge. Fresh graduates, already working professionals, and professionals who want to get certified are advised to opt for Mindmajix’s Python training in New York.

",NaN,Anand,"Anand has got 5+ years of industrial experience working for global MNCs. He chose to deliver online training and contribute informative articles and blogs to various websites to share his technical expertise.",Anindya Banerjee,https://cdn.mindmajix.com/reviewer/anindya-banerjee-review-17102021.jpg,Mindmajix as a team is awesome and I am impressed with the kind of support they provide right from the registration gate point to till the passing of the certification exam... Python Training helped me a lot. Thank you Mindmajix team!,Raja sekhar Ganduri,https://cdn.mindmajix.com/reviewer/raja-sekhar-ganduri-python-review-29092021.jpg,The Python online training at Mindmajix was excellent. The trainer was maintained the highly professional degree throughout the training. He had great patience in clarifying doubts and aslo explains the small concepts with outstanding examples.,Mohammed Ibrahim Khadar M,https://cdn.mindmajix.com/reviewer/mohammed-ibrahim-khadar-mohideen-python-review-28092021.jpg,"Thanks, Mindmajix..... Really a good place to learn Python technology Clear understanding of concepts and really clear explanation of everything about that technology special thanks to my trainer. Being a real-time experience guy he helped me a lot with real-time concepts.",Praveen Gali,https://cdn.mindmajix.com/mern/images/instructor-male.svg,"The Python training from MindMajix and trainer knowledge are so excellent and satisfied me. The pdf documents which are provided by the trainer are so helpful.
",English,20,Hours,Advance your programming skills with Python Course,"Mobile,Desktop",TRUE,TRUE,TRUE,"₹9,644,830",2021-10-30T00:00:00,2021-11-14T00:00:00,2021-11-27T00:00:00,2021-12-12T00:00:00,2021-11-30T00:00:00,2021-12-15T00:00:00
https://mindmajix.com/spring-boot-training,Spring Boot Training,"<div class=""Curriculum_description__1LwKr""><p>Learn how to get started with Spring Boot 2.0 with a job-ready training program from MindMajix. The course offers hands-on experience with Spring Boot and its major features, including Spring Initializer, application development, Actuator, auto-configuration, testing, GraphQL integration, and more. Participants will learn to build, containerize, and run Spring Boot web apps and work on multiple projects to fill business-critical needs. Upon completion of this online Spring Boot Training, students will possess enough skills to build real-time enterprise-ready apps from development to deployment using Spring Boot.</p></div>",Online,Instructor Paced,"|Configuring Spring and understand its functions|Creating REST API using Spring MVC|Ways to create and bootstrap Spring applications|Applying the data layer using Spring Data JPA|Data Access, functionalities, and Security|Configure, deploy and execute Spring applications|","What are the prerequisites for the Spring Boot Training?The prerequisites to learn Spring Boot are listed below:

Experience in developing Enterprise Java Applications 
Knowledge of IDE
Basic understanding of Spring
Experience using Maven, Gradle and Git

",|Java professionals|Architects|Application developers|,Niket,"Niket has got 7+ years of industrial experience working for global MNCs. He chose to deliver online training and contribute informative articles and blogs to various websites to share his technical expertise.",Rosy wilson,https://cdn.mindmajix.com/mern/images/instructor-male.svg,"I love this course.It's easy to understand and fun at the same time. I was kinda scared at the beginning because I've taken a Spring course before some other institute and I understood nothing. Now it seems easy!.....Thank you Mindmajix




",Aryan Jha,https://cdn.mindmajix.com/mern/images/instructor-male.svg,I had enrolled for Spring Boot Training at Mindmajix. They are flawless and big cheers to their support team as well. I would recommend my friends to take up the course.,Nikitha,https://cdn.mindmajix.com/mern/images/instructor-male.svg,"I was taking Spring Boot Training at Mindmajix, and had wonderful experience. The instructors are well presentable and dedicated.",Veda,https://cdn.mindmajix.com/mern/images/instructor-male.svg,"This is an awesome course to get started with Spring Cloud. The instructor, has covered all the topics in a single course and very well.",English,30,Hours,Leverage the growing demand for Certified Spring Boot Professionals,"Mobile,Desktop",TRUE,TRUE,TRUE,"₹8,531,965",2021-10-30T00:00:00,2021-11-14T00:00:00,2021-11-27T00:00:00,2021-12-12T00:00:00,2021-11-30T00:00:00,2021-12-15T00:00:00
https://mindmajix.com/spring-cloud-training,Spring Cloud Training,"<div class=""Curriculum_description__1LwKr""><p><strong>Spring Cloud Training</strong> by Mindmajix is designed to level up your skills and prepare you for the role of Spring Cloud Developer. Our training will enable you to gain in-depth knowledge of cloud-native and microservices patterns using Spring Cloud by hands-on and practical examples. We also offer two real-time projects which are in line with the Spring Cloud Certification exam. Enroll now and get certified.</p></div>",Online,Instructor Paced,NaN,NaN,NaN,NaN,NaN,Siva Rama Krishna,https://cdn.mindmajix.com/mern/images/instructor-male.svg,Recently completed my Spring Cloud training from Mindmajix. The support team was so helpful with instant updates.,Ramesh,https://cdn.mindmajix.com/mern/images/instructor-male.svg,I would like to thank the whole team of Mindmajix for an excellent course curriculum. I am satisfied with the Spring Cloud Training provided by Mindmajix. ,Ashwini,https://cdn.mindmajix.com/mern/images/instructor-male.svg,I have enrolled for Spring Cloud Training from Minmajix last month and finished the course. The course was great the trainer was beyond my expectations. Friendly helpful trainer with good technique. ,NaN,NaN,NaN,English,30,Hours,Leverage the growing demand for Certified Spring Cloud Professionals,"Mobile,Desktop",TRUE,TRUE,TRUE,"₹8,531,965",2021-10-30T00:00:00,2021-11-14T00:00:00,2021-11-27T00:00:00,2021-12-12T00:00:00,2021-11-30T00:00:00,2021-12-15T00:00:00
