page_url,title,description,delivery_method,instruction_type,what_will_learn,prerequisites,target_students,instructor|1|name,instructor_bio,review|1|reviewer_name,review|1|photo,review|1|review,review|2|reviewer_name,review|2|photo,review|2|review,review|3|reviewer_name,review|3|photo,review|3|review,review|4|reviewer_name,review|4|photo,review|4|review,languages,total_duration,total_duration_unit,content,short_description,accessibilities,live_class,job_assistance,capstone_project,average_salary
https://mindmajix.com/data-scientist-course-training,Data Science Training,"<div class=""Curriculum_description__1LwKr""><p>Mindmajix Data Science course provides you with a complete package to become a knowledgeable Data Scientist. The training focuses on furnishing you with in-depth knowledge of data science right from its usage and applications, R statistical computing, data manipulation, data visualization, applying descriptive and inferential statistics on the data, and much more. Besides, you’ll also gain practical knowledge by executing real-time projects and providing solutions to the problems. In a nutshell, this Data Science online training makes you fully confident in facing interviews and working as a Data Scientist.</p></div>",Online,Instructor Paced,"|Roles and responsibilities of a Data Scientist|Machine Learning algorithms|Integrating R with the Hadoop ecosystem|Linear and logistic regression|Clustering, analysis segmentation, and prediction|Deploying recommender systems|Data interpretation, plotting techniques, and sampling methods|","What are the prerequisites for the Data Science course?Your interest and willingness is the only thing you need to have for attending this training. Even if you can’t pay the whole amount at one time, we encourage you to pay in two instalments but don’t stop you from the enrollment. Mindmajix is completely focused on your learning, gaining knowledge, and getting a good job.
","|Big Data, Analyst and Business Intelligence Professionals|Machine Learning Professionals|Predictive Analytics and Information Architects|Big Data Statisticians|Individuals seeking a Data Science career|",Abhishek,"Passion towards teaching made Abhishek share the industrial experience he has got for further generations. He has got a total of three years into the real-time industrial background and has trained over 520+ students.",Himanshu,https://cdn.mindmajix.com/mern/images/instructor-male.svg,"I recommend MindMajix for learning DataScience Course, As a working professional, it has not only given me an exposure to the domain, but also helped me learn various technologies and develop an inclination towards it.",Manasa,https://cdn.mindmajix.com/mern/images/instructor-male.svg,I got Detailed learning Experience in Data Science Training. Thanks for the Trainer and mindmajix.com for providing me such a useful stuff.,Prerna,https://cdn.mindmajix.com/mern/images/instructor-male.svg,"MindMajix is a good institute to gain your software skills, I have done DataScience course which helps you gain expertise in Machine Learning Algorithms like K-Means Clustering, Decision Trees and many interesting concepts.",KRUTI PUTUMBAKA,https://cdn.mindmajix.com/mern/images/instructor-male.svg,"




Earlier I have taken many online training courses but definitely Mindmajix is the best among them. The quality they maintain is appreciable. Training sessions are well structured and the trainer explained each and every concept with real-time scenarios. I truly recommend this course for the learners who want to gain expertise in Data Science.

",English,30,Hours,NaN,Learn Data Science Online Certification Training & Become Expert in Data science ,"Mobile,Desktop",TRUE,TRUE,TRUE,"₹8,383,583"
https://mindmajix.com/machine-learning-with-python-training,Machine Learning with Python Training,"<div class=""Curriculum_description__1LwKr""><p>Mindmajix Machine Learning with Python training equips you with all the skills required to become an expert in this domain. The course dives you through the fundamental concepts of Machine Learning using Python and provides a detailed overview of Supervised and Unsupervised Learning with real-world examples. You’ll explore various machine learning algorithms including clustering, regression, and classification, and also python packages such as Numpy, Scikit, Matplotlib, etc.through real-life projects and use cases. Enroll now and get certified.</p></div>",Online,Instructor Paced,"|Data structures and algorithms present in Numpy, Pandas, and Scipy for data modeling and analysis|Creating classifiers, clusters, data grouping, and performing scientific analysis using Pandas|Reducing dimensions, and selecting accurate data models|Using analytics libraries with HIVE, PIG, and Hadoop MapReduce|","What are the prerequisites for the Machine Learning with Python course?




The prerequisites for learning this course are listed below:
Basic knowledge of,

Python programming 
Fundamentals of data analysis 
Statistics
Mathematics


",|Data Analysts|Developers |Data Architects |Aspirants willing to learn data analysis.|,Abhishek,"Passion towards teaching made Abhishek share the industrial experience he has got for further generations. He has got a total of three years into the real-time industrial background and has trained over 520+ students.",Sathvik,https://cdn.mindmajix.com/mern/images/instructor-male.svg,I would like to thank Mindmajix for providing such a excellent environment for learning online. The Machine Learning with Python Training course was well organised and included most of the topics which a developer should know. ,Christina,https://cdn.mindmajix.com/mern/images/instructor-male.svg,I have attended Machine Learning with Python program from Mindmajix. The concepts were well explained and the lab sessions were useful. All questions were answered acceptably. ,Bhushan,https://cdn.mindmajix.com/mern/images/instructor-male.svg,I had registered for Machine Learning with Python from Mindmajix. The course content is very extensive with a lot of real-time examples which provide a good understanding of the course.,Naresh Kumar,https://cdn.mindmajix.com/mern/images/instructor-male.svg,"




I have learned a lot from this training which I missed in my previous training institute. You helped me understand the Machine Learning with Python concepts really well. Thankyou Mindmajix for your efforts.
 

",English,30,Hours,NaN,Leverage the growing demand for Certified Machine Learning with Python Professionals,"Mobile,Desktop",TRUE,TRUE,TRUE,"₹7,586,994"
https://mindmajix.com/machine-learning-training,Machine Learning Training,"<div class=""Curriculum_description__1LwKr""><p>Mindmajix Machine Learning training will help you develop the skills and knowledge required for a career as a Machine Learning Engineer. You will gain in-depth knowledge on all the concepts of machine learning including supervised and unsupervised learning, algorithms, support vector machines, etc., through real-time industry use cases, and this will help you in clearing the Machine Learning Certification Exam.</p></div>",Online,Instructor Paced,|Representation of an artificial neural network|Fundamentals of using data to train machines|Logistic regression for classifying data using R|Designing of a machine learning system|Principle Component Analysis of data modeling|Support Vector Machines algorithms|Linear regression with multiple variables using R|,"What are the prerequisites for the Machine Learning course?The participants of our training should have:

Familiarity with Python Programming fundamentals
Fair understanding of Statistics and Mathematics basics

",|Analytics managers|Developers|Business Analysts|Information architects |Graduates aiming to build a machine learning career|,Abhishek,"Passion towards teaching made Abhishek share the industrial experience he has got for further generations. He has got a total of three years into the real-time industrial background and has trained over 520+ students.",Gutta Maheswaram,https://cdn.mindmajix.com/mern/images/instructor-male.svg,"Hi, Taken Machine Learning Training From Mindmajix. Now I am able to effortlessly master all the skills and grab the dream job I am looking for. Thank you Mindmajix team.",Ravindra Babu T,https://cdn.mindmajix.com/mern/images/instructor-male.svg,It was a wonderful learning experience. Trainer's knowledge is impressive and great teaching capability. The Machine Learning Training Course content is great. The session was interactive which was very good. I have gained in-depth knowledge of all the concepts of Machine Learning. Thanks for everything Mindmajix team.,Karthik J,https://cdn.mindmajix.com/mern/images/instructor-male.svg,"I have learned a lot from this training. The trainer has awesome skills, he can make you expert in Machine Learning. Go with Mindmajix for better Online training. Thank you",KRUTI PUTUMBAKA ,https://cdn.mindmajix.com/mern/images/instructor-male.svg,"




Very good Hands-on Machine Learning Experience. It was helpful with recorded sessions and a detailed course curriculum. The trainer had covered each and every topic with real-time scenarios. Thanks to the trainer and Mindmajix Team.

",English,30,Hours,NaN,Take your Career to the Next Level with Machine Learning Training Online,"Mobile,Desktop",TRUE,TRUE,TRUE,"₹7,671,053"
https://mindmajix.com/data-science-with-python-training,Data Science With Python Training,"<div class=""Curriculum_description__1LwKr""><p>Mindmajix <strong>Data Science with Python Training</strong> enables you to master all the fundamentals of Data science and analytics techniques using Python. Our training will help you to become an expert in working with Python Data Science packages such as Numpy, Matplotlib, Pandas, Scikit, and concepts including deep learning algorithms, evaluation of machine learning models, data visualization, statistical data analysis techniques, etc., through hands-on projects and use cases. This will help you to kick-start your career in this rapidly growing domain.</p></div>",Online,Instructor Paced,"|Concepts of  Python for Data Science|OOP concepts, functions, and expressions|SQLite in Python, classes, and operations|Creating Pig and Hive UDF in Python|Deploy Python for MapReduce programming|Real-world Python for Data Science projects|","What are the prerequisites for the Data Science with Python course?There are no specific prerequisites to learn Data Science with Python.
",|BI Managers and Project Managers|Analytics Professionals|Software Developers and ETL Professionals|Big Data Professionals|Aspirants wishing to have a career in Python|,Abhishek,"Passion towards teaching made Abhishek share the industrial experience he has got for further generations. He has got a total of three years into the real-time industrial background and has trained over 520+ students.",Vikas,https://cdn.mindmajix.com/mern/images/instructor-male.svg,After attending multiple demo sessions related to Data Science With Python from many training institutes. I’ve finally opted to enroll for the Mindmajix Data Science With Python training program having felt them to be quite genuine. The training program went very smooth with our instructor sharing clear cut information regarding Data Science and Python Tools. I was very confident that their innovative real-time approach in delivering Data Science with Python training would surely be an advantage for my career growth.,Aditya,https://cdn.mindmajix.com/mern/images/instructor-male.svg,The faculty here at Mindmajix for Data Science With Python training is very skilled & is very much focused about getting students placed in the top companies by the time of course completion. Trainer helped a lot to get the best hands-on exposure in working with all the real-world applications of Data Science With Python technology. From Basic to advanced concepts have been taught really well by the faculty. Thanks Mindmajix,Aaditya,https://cdn.mindmajix.com/mern/images/instructor-male.svg,I have completed Data Science With Python Training at Mindmajix. Structured courses which cover the baiscs very well in time to set you for exploring the subject matter further. Highly recommend..!,Thirumal,https://cdn.mindmajix.com/mern/images/instructor-male.svg,"




 
Mindmajix is really a very innovative platform for e-learning for beginners as well as working professionals. I opted for Data Science with Python training from Mindmajix. The trainer was well versed with all the knowledge and delivered it perfectly. The trainer explained every concept very patiently. I enjoyed the course. The concepts were explained in a simple and concise manner.",English,40,Hours,NaN,Leverage the growing demand for Certified Data Science With Python Professionals,"Mobile,Desktop",TRUE,TRUE,TRUE,"₹9,088,398"
https://mindmajix.com/deep-learning-with-python-training,Deep Learning with Python Training,"<div class=""Curriculum_description__1LwKr""><p>Mindmajix Deep learning with Python Training helps you in mastering various features of Debugging concepts, Introduction to Software programmers, Language abilities and capacities, Modification of module and pattern designing, Various OS and compatibilities approaches. This course also provides Optimizing a Simple Model in Pure Theano, Convolutional and Pooling Layers , Reduce Overfitting With Dropout Regularization, Improve Generalization With Data Augmentation. Enroll &amp; Get certified now.</p></div>",Online,Instructor Paced,NaN,NaN,NaN,NaN,NaN,Adinarayana Gunnam,https://cdn.mindmajix.com/reviewer/adinarayana-gunnam-review-17102021.jpg,"I am very thankfull to MindMajix, which gives me a lot of knowledge during training session in Deep Learning with Python. That's why I am Getting Job in MNC company. MindMajix is a better destination for IT Professionals",Thirumal Murugan,https://cdn.mindmajix.com/reviewer/thirumal-murugan-deep-learning-with-python-review-29092021.jpg,MindMajix is a great place to learn and understand the techniques and skills required by the industry. The trainer and team members are very supportive and provide help at each step from learning to getting a good job. Thank You MindMajix.,Naresh kumar,https://cdn.mindmajix.com/mern/images/instructor-male.svg,"I would like to thank the entire team of MindMajix that guided me on the right track. My first visit at MindMajix was only to Enquire about the Deep Learning with Python course and I got more than I was expecting here. Right from quality Training, I found everything at the same place. Today I am proud of my decision of joining MindMajix. My heartfelt thanks and good wishes are always for and with MindMajix.
",NaN,NaN,NaN,English,25,Hours,NaN,Leverage the growing demand for Certified Deep Learning with Python Professionals,"Mobile,Desktop",TRUE,TRUE,TRUE,"₹7,291,937"
