title,learn_type,description,delivery_method,instruction_type,content,what_will_learn,target_students,instructor|1|name,instructor|1|designation,instructor|1|instructor_image,instructor|2|name,instructor|2|designation,instructor|2|instructor_image,review|1|reviewer_name,review|1|review,total_duration,total_duration_unit,recommended_effort_per_week,batch|1|batch_start_date,enrollment_end_date,languages,short_description,accessibilities,pricing_type,currency,regular_price,additional_pricing_details,institute,partner_course_url
Professional Communication: Business Writing and Storytelling,Course,"[<p><p><strong>Duration</strong>: 6 weeks (excluding orientation)</p><p><strong>Professional Communication: Business Writing and Storytelling</strong> is an online short course from The Economist designed to help business professionals attract and address broad audiences across various written formats. Based on the newspaper’s editorial practice, this six-week course offers a self-reflective journey through the craft and purpose of writing and storytelling, equipping you with the confidence to communicate with partners and employees. An accessible “tools not rules” approach to grammar unlocks practical skills for constructing cohesive sentences and paragraphs, and shows how elements such as word choice, punctuation and structure can maximise impact and clarity. You’ll also explore ways to source information accurately, learn to strengthen arguments with data visualisations, and uncover methods for constructive and collaborative editing.</p><p><em>Enjoy a free three-month digital subscription with this executive-education course from The Economist. Read daily articles on Economist.com, listen to our podcasts, watch videos, browse newsletters, immerse yourself in our app or join us at exclusive events.</em></p></p>, <p><strong>Duration</strong>: 6 weeks (excluding orientation)</p>, <p><strong>Professional Communication: Business Writing and Storytelling</strong> is an online short course from The Economist designed to help business professionals attract and address broad audiences across various written formats. Based on the newspaper’s editorial practice, this six-week course offers a self-reflective journey through the craft and purpose of writing and storytelling, equipping you with the confidence to communicate with partners and employees. An accessible “tools not rules” approach to grammar unlocks practical skills for constructing cohesive sentences and paragraphs, and shows how elements such as word choice, punctuation and structure can maximise impact and clarity. You’ll also explore ways to source information accurately, learn to strengthen arguments with data visualisations, and uncover methods for constructive and collaborative editing.</p>, <p><em>Enjoy a free three-month digital subscription with this executive-education course from The Economist. Read daily articles on Economist.com, listen to our podcasts, watch videos, browse newsletters, immerse yourself in our app or join us at exclusive events.</em></p>]",Online,Self Paced,"[<div class=""module-content""><p class=""heading font-h6-mobile"">Orientation module</p><p class=""font-p-default"">Welcome to your Online Campus</p></div>, <div class=""module-content""><p class=""heading font-h6-mobile"">Module 1</p><p class=""font-p-default"">Planning for impact</p></div>, <div class=""module-content""><p class=""heading font-h6-mobile"">Module 2</p><p class=""font-p-default"">Crafting your structure</p></div>, <div class=""module-content""><p class=""heading font-h6-mobile"">Module 3</p><p class=""font-p-default"">Choosing words that work</p></div>, <div class=""module-content""><p class=""heading font-h6-mobile"">Module 4</p><p class=""font-p-default"">Writing clear and engaging sentences</p></div>, <div class=""module-content""><p class=""heading font-h6-mobile"">Module 5</p><p class=""font-p-default"">Making data beautiful and compelling</p></div>, <div class=""module-content""><p class=""heading font-h6-mobile"">Module 6</p><p class=""font-p-default"">Editing your work</p></div>]","['An understanding of the importance and impact of professionally written content|', 'Practical writing, editing and data-visualisation skills for creating clear and compelling business communications|', 'A writer’s toolkit based on The Economist’s editorial approach, helping you to navigate questions of structure, word choice and style|', 'The ability to source, structure and convey information in a way that is accurate, engaging and ethical|', 'Insights into the craft and psychology of writing, designed to help you become a more self-reflective writer|']","This course will benefit anyone seeking to improve their business writing and storytelling abilities| Participants who are looking to communicate with more conviction will learn how to craft narratives that hook and convince their readers, whether they are employees, partners or clients| Individuals will gain practical skills in sourcing, writing and editing content, and in the effective use of data visualisation|This course is certified by the United Kingdom CPD Certification Service, and may be applicable to individuals who are members of, or are associated with, UK-based professional bodies| The course has an estimated 50 hours of learning| Note: should students wish to claim CPD activity, the onus is upon them| The Economist and GetSmarter accept no responsibility, and cannot be held responsible, for the claiming or validation of hours or points|",Lane Greene,"Language columnist, The Economist",https://www.getsmarter.com/rails/active_storage/representations/eyJfcmFpbHMiOnsibWVzc2FnZSI6IkJBaHBBbWtPIiwiZXhwIjpudWxsLCJwdXIiOiJibG9iX2lkIn19--69b31b15d035e5cb2010432855ab5960730b2231/eyJfcmFpbHMiOnsibWVzc2FnZSI6IkJBaDdCam9MY21WemFYcGxTU0lNTVRFd2VERXhNQVk2QmtWVSIsImV4cCI6bnVsbCwicHVyIjoidmFyaWF0aW9uIn19--e8e4d52386516ed9566f111cb5206b7b0185063d/the_economist_executive_education_professional_communication_business_writing_and_storytelling_online_short_course_course_convenor_lane_greene.jpg,Gao Nodoba,"Lecturer in Corporate Communication, Intercultural Communication, Diversity and Reputation Management, UCT
",https://www.getsmarter.com/rails/active_storage/representations/eyJfcmFpbHMiOnsibWVzc2FnZSI6IkJBaHBBblFCIiwiZXhwIjpudWxsLCJwdXIiOiJibG9iX2lkIn19--55289c31ccebcf1210a99add0881d3d08e88e767/eyJfcmFpbHMiOnsibWVzc2FnZSI6IkJBaDdCam9MY21WemFYcGxTU0lNTVRFd2VERXhNQVk2QmtWVSIsImV4cCI6bnVsbCwicHVyIjoidmFyaWF0aW9uIn19--e8e4d52386516ed9566f111cb5206b7b0185063d/university_of_cape_town_business_writing_course_convenor_gao_nodoba.jpg,Brian George Piercey," “The content was specific and useful. It provided insight and instruction and was specific to the task and modules. The online learning experience was very enjoyable. Nawaal was extremely helpful, and Lesley provided insightful and extremely useful feedback, which enabled greater understanding [...]. I have an enhanced understanding and awareness of the best practices and have gained valuable and applicable knowledge, thanks to the material and Lesley’s feedback. Consequently, I have a far better understanding of the intricacies involved and the pitfalls that need to be avoided. It has also helped to clearly illustrate areas of my skill set that require improvement, and where my weaknesses are. Meeting and networking with my classmates has been a pleasure as I’ve been exposed to a very diverse pool of knowledge and insight, which has been extremely valuable to me.”",6,weeks,6–8 ,2021-09-29T00:00:00,2021-09-21T00:00:00,English,"Learn how to craft accurate, engaging and impactful pieces of writing for the business context.","Mobile,Desktop,Tablet",Paid,USD,"2,021","You can pay your course fees before the course starts, or you may opt for a split payment plan on courses that are nine weeks and shorter. For courses 10 weeks and longer, there is a three-part payment plan available.",The Economist,https://www.getsmarter.com/products/the-economist-professional-communication-business-writing-and-storytelling-online-short-course
Copy-editing,Course,"[<p><p><strong>Duration</strong>: 10 weeks (excluding orientation)</p><p>The effectiveness of any published piece of writing can be significantly enhanced by the work of a skilled copy-editor. It’s the editor’s job to ensure that written material is clear, concise, compelling and error free, and the University of Cape Town (UCT) Copy-editing online short course is designed to prepare you for this task. </p><p>Guided by an expert, you’ll learn how to apply the complex rules of grammar, restructure text for improved flow, and correct errors through proofreading. You’ll also discover more about book editing and working with authors, and you’ll improve your knowledge of the book publishing process.</p><p>Armed with the ability to critically review copy, you’ll have the foundation to become an invaluable asset to any company that works with words.</p></p>, <p><strong>Duration</strong>: 10 weeks (excluding orientation)</p>, <p>The effectiveness of any published piece of writing can be significantly enhanced by the work of a skilled copy-editor. It’s the editor’s job to ensure that written material is clear, concise, compelling and error free, and the University of Cape Town (UCT) Copy-editing online short course is designed to prepare you for this task. </p>, <p>Guided by an expert, you’ll learn how to apply the complex rules of grammar, restructure text for improved flow, and correct errors through proofreading. You’ll also discover more about book editing and working with authors, and you’ll improve your knowledge of the book publishing process.</p>, <p>Armed with the ability to critically review copy, you’ll have the foundation to become an invaluable asset to any company that works with words.</p>]",Online,Self Paced,"[<div class=""module-content""><p class=""heading font-h6-mobile"">Orientation module</p><p class=""font-p-default"">Welcome to your Online Campus</p></div>, <div class=""module-content""><p class=""heading font-h6-mobile"">Module 1</p><p class=""font-p-default"">Introduction to editing</p></div>, <div class=""module-content""><p class=""heading font-h6-mobile"">Module 2</p><p class=""font-p-default"">Spelling, consistency and style</p></div>, <div class=""module-content""><p class=""heading font-h6-mobile"">Module 3</p><p class=""font-p-default"">Punctuation</p></div>, <div class=""module-content""><p class=""heading font-h6-mobile"">Module 4</p><p class=""font-p-default"">Grammar, usage and style</p></div>, <div class=""module-content""><p class=""heading font-h6-mobile"">Module 5</p><p class=""font-p-default"">Working with authors</p></div>, <div class=""module-content""><p class=""heading font-h6-mobile"">Module 6</p><p class=""font-p-default"">Quotes and sources</p></div>, <div class=""module-content""><p class=""heading font-h6-mobile"">Module 7</p><p class=""font-p-default"">Structural editing</p></div>, <div class=""module-content""><p class=""heading font-h6-mobile"">Module 8</p><p class=""font-p-default"">Editing creative works</p></div>, <div class=""module-content""><p class=""heading font-h6-mobile"">Module 9</p><p class=""font-p-default"">Elements of a book</p></div>, <div class=""module-content""><p class=""heading font-h6-mobile"">Module 10</p><p class=""font-p-default"">Working as an editor or a proofreader</p></div>]","['The ability to assess and critique the underlying structure of documents, manuscripts, and book chapters|', 'The skills to identify and correct spelling, punctuation, grammar, and style errors in text|', 'An understanding of the various elements of a book, and the tools to prepare a manuscript for typesetting|', 'The expertise to recognise copyright infringement and cases of plagiarism, and handle these appropriately|', '']","This course is suitable for aspiring copy-editors, proofreaders, and writers looking to move into a new in-house or freelance role| The content is also designed for publishing professionals who want to update their editing knowledge, and those in related professions who are eager to expand their current skill set and improve their understanding of English grammar and syntax|Assignments are completed and submitted in Microsoft Word| Therefore, students must have a working knowledge of the program to complete this course| Required proficiencies include the ability to track changes, create paragraphs and indents on the ruler or in formatting, and insert endnotes and footnotes in a document|",Dr Martha Evans,"Senior Lecturer, Media Studies and Media Production, UCT",https://www.getsmarter.com/rails/active_storage/representations/eyJfcmFpbHMiOnsibWVzc2FnZSI6IkJBaHBBcElCIiwiZXhwIjpudWxsLCJwdXIiOiJibG9iX2lkIn19--d7f1f4610db4c6be3401954c82fe26b721101d61/eyJfcmFpbHMiOnsibWVzc2FnZSI6IkJBaDdCam9MY21WemFYcGxTU0lNTVRFd2VERXhNQVk2QmtWVSIsImV4cCI6bnVsbCwicHVyIjoidmFyaWF0aW9uIn19--e8e4d52386516ed9566f111cb5206b7b0185063d/university_of_cape_town_copy-editing_course_convenor_martha_evans.jpg,Daniel Jackson,"Professor in the Department of Electrical Engineering and Computer Science, MIT CSAIL",https://www.getsmarter.com/rails/active_storage/representations/eyJfcmFpbHMiOnsibWVzc2FnZSI6IkJBaHBBczRHIiwiZXhwIjpudWxsLCJwdXIiOiJibG9iX2lkIn19--1e2acb8e97c72cc9a0df5102d93ab3f91466590c/eyJfcmFpbHMiOnsibWVzc2FnZSI6IkJBaDdCam9MY21WemFYcGxTU0lNTVRFd2VERXhNQVk2QmtWVSIsImV4cCI6bnVsbCwicHVyIjoidmFyaWF0aW9uIn19--e8e4d52386516ed9566f111cb5206b7b0185063d/Daniel%20Jackson.jpg,Adele Bezuidenhout,"As a graphic design newbie, this course provided me with an overview of all aspects of graphic design. The course is full of useful information, tips, guidelines, advice, and so much more! It’s enough to make you excited to learn more and dive into your own field of design. The course tutor is really an expert in the field of graphic design (and other design fields), and gave such excellent feedback on design assignments. I highly recommend taking the course.",10,weeks,7–10 ,2021-09-23T00:00:00,2021-09-17T00:00:00,English,"Learn how to review, edit, and restructure text to eliminate errors and improve readability.","Mobile,Desktop,Tablet",Paid,USD,945,"You can pay your course fees before the course starts, or you may opt for a split payment plan on courses that are nine weeks and shorter. For courses 10 weeks and longer, there is a three-part payment plan available.",University of Cape Town,https://www.getsmarter.com/products/uct-copy-editing-online-short-course
Graphic Design,Course,"[<p><p><strong>Duration:</strong> 10 weeks (excluding orientation)<br/>
</p><p>Most organisations will, at some point, require the skills of a graphic designer. Professionals in this field play an integral role in enhancing a brand’s visual presence, and are highly valued for their ability to convey meaning through visual elements.
</p><p>This Graphic Design online short course from the University of Cape Town (UCT) will provide you with the technical skills and creative knowledge needed to make a start in this profession. Guided by a media expert, you’ll develop a basic understanding of how to use Adobe Illustrator,* learn to work with digital images, and explore how to choose effective typefaces to create compelling content for both print and web platforms. As you gain design knowledge and proficiency in the relevant software, you’ll also learn more about the business of graphic design and how to create a professional portfolio.
</p><p><em>*GetSmarter won’t provide the software needed for this course; you’ll be responsible for ensuring you have access to it.</em>
</p></p>, <p><strong>Duration:</strong> 10 weeks (excluding orientation)<br/>
</p>, <p>Most organisations will, at some point, require the skills of a graphic designer. Professionals in this field play an integral role in enhancing a brand’s visual presence, and are highly valued for their ability to convey meaning through visual elements.
</p>, <p>This Graphic Design online short course from the University of Cape Town (UCT) will provide you with the technical skills and creative knowledge needed to make a start in this profession. Guided by a media expert, you’ll develop a basic understanding of how to use Adobe Illustrator,* learn to work with digital images, and explore how to choose effective typefaces to create compelling content for both print and web platforms. As you gain design knowledge and proficiency in the relevant software, you’ll also learn more about the business of graphic design and how to create a professional portfolio.
</p>, <p><em>*GetSmarter won’t provide the software needed for this course; you’ll be responsible for ensuring you have access to it.</em>
</p>]",Online,Self Paced,"[<div class=""module-content""><p class=""heading font-h6-mobile"">Orientation module</p><p class=""font-p-default"">Welcome to your Online Campus</p></div>, <div class=""module-content""><p class=""heading font-h6-mobile"">Module 1</p><p class=""font-p-default"">What is graphic design?</p></div>, <div class=""module-content""><p class=""heading font-h6-mobile"">Module 2</p><p class=""font-p-default"">Introduction to Adobe Illustrator</p></div>, <div class=""module-content""><p class=""heading font-h6-mobile"">Module 3</p><p class=""font-p-default"">Understanding digital images</p></div>, <div class=""module-content""><p class=""heading font-h6-mobile"">Module 4</p><p class=""font-p-default"">Visual communication</p></div>, <div class=""module-content""><p class=""heading font-h6-mobile"">Module 5</p><p class=""font-p-default"">Layout and composition</p></div>, <div class=""module-content""><p class=""heading font-h6-mobile"">Module 6</p><p class=""font-p-default"">Idea generation and research</p></div>, <div class=""module-content""><p class=""heading font-h6-mobile"">Module 7</p><p class=""font-p-default"">Working with text (typography)</p></div>, <div class=""module-content""><p class=""heading font-h6-mobile"">Module 8</p><p class=""font-p-default"">Designing for print</p></div>, <div class=""module-content""><p class=""heading font-h6-mobile"">Module 9</p><p class=""font-p-default"">Creating designs for the web</p></div>, <div class=""module-content""><p class=""heading font-h6-mobile"">Module 10</p><p class=""font-p-default"">The business of graphic design</p></div>]","['An understanding of visual communication and aesthetic principles, including theories about layout and composition|', 'The creative and technical knowledge to produce designs for both print and digital mediums|', 'The knowledge to produce designs for both print and digital mediums|', 'Practical business skills that can be applied in a design-oriented career|', '']","This course is aimed at anyone considering graphic design as a new career opportunity| The content offers an introduction to the subject matter, and aims to equip students with a strong foundation in visual communications| Those looking to refresh existing graphic design knowledge may also find this course beneficial| There are no formal prerequisites for registration|
",Dr Martha Evans,"Senior Lecturer, Media Studies and Media Production, UCT",https://www.getsmarter.com/rails/active_storage/representations/eyJfcmFpbHMiOnsibWVzc2FnZSI6IkJBaHBBcElCIiwiZXhwIjpudWxsLCJwdXIiOiJibG9iX2lkIn19--d7f1f4610db4c6be3401954c82fe26b721101d61/eyJfcmFpbHMiOnsibWVzc2FnZSI6IkJBaDdCam9MY21WemFYcGxTU0lNTVRFd2VERXhNQVk2QmtWVSIsImV4cCI6bnVsbCwicHVyIjoidmFyaWF0aW9uIn19--e8e4d52386516ed9566f111cb5206b7b0185063d/university_of_cape_town_copy-editing_course_convenor_martha_evans.jpg,,,,Lucia Campo,"I found the content and assignments very challenging, so I appreciated the course. You should consider this course because it's very practical – you are asked to put into practice what you learn, and this helps you improve.",10,weeks,7–10 ,2021-09-27T00:00:00,2021-09-21T00:00:00,English,"Develop the creative, technical, and business skills needed to launch your career in graphic design.","Mobile,Desktop,Tablet",Paid,USD,973,"You can pay your course fees before the course starts, or you may opt for a split payment plan on courses that are nine weeks and shorter. For courses 10 weeks and longer, there is a three-part payment plan available.",University of Cape Town,https://www.getsmarter.com/products/uct-graphic-design-online-short-course
Higher Education Teaching Certificate,Course,"[<p><p><strong>Duration:</strong> 8 weeks (excluding orientation)<br/></p><p>Engage with effective postsecondary education teaching methods in this online short course, inspired by the in-person seminar program currently offered by Harvard’s Derek Bok Center for Teaching and Learning. The Harvard Bok Higher Education Teaching Certificate gives you the opportunity to reflect on your practices, portfolio, and teaching journey in this field. You’ll be exposed to the most relevant research on how students learn, and discover how to apply this insight in your own teaching context.</p><p>Study pedagogical approaches through the lens of the higher education environment, including student engagement and classroom management. Use this opportunity to investigate reflective teaching methods and update your skills by adopting a more conscious, collaborative, and refined approach to your third-level education teaching practice.</p></p>, <p><strong>Duration:</strong> 8 weeks (excluding orientation)<br/></p>, <p>Engage with effective postsecondary education teaching methods in this online short course, inspired by the in-person seminar program currently offered by Harvard’s Derek Bok Center for Teaching and Learning. The Harvard Bok Higher Education Teaching Certificate gives you the opportunity to reflect on your practices, portfolio, and teaching journey in this field. You’ll be exposed to the most relevant research on how students learn, and discover how to apply this insight in your own teaching context.</p>, <p>Study pedagogical approaches through the lens of the higher education environment, including student engagement and classroom management. Use this opportunity to investigate reflective teaching methods and update your skills by adopting a more conscious, collaborative, and refined approach to your third-level education teaching practice.</p>]",Online,Self Paced,"[<div class=""module-content""><p class=""heading font-h6-mobile"">Orientation module</p><p class=""font-p-default"">Welcome to your Online Campus</p></div>, <div class=""module-content""><p class=""heading font-h6-mobile"">Module 1</p><p class=""font-p-default"">How knowledge is constructed</p></div>, <div class=""module-content""><p class=""heading font-h6-mobile"">Module 2</p><p class=""font-p-default"">How learning works</p></div>, <div class=""module-content""><p class=""heading font-h6-mobile"">Module 3</p><p class=""font-p-default"">Building rapport</p></div>, <div class=""module-content""><p class=""heading font-h6-mobile"">Module 4</p><p class=""font-p-default"">Lesson planning and delivery</p></div>, <div class=""module-content""><p class=""heading font-h6-mobile"">Module 5</p><p class=""font-p-default"">Engaging students</p></div>, <div class=""module-content""><p class=""heading font-h6-mobile"">Module 6</p><p class=""font-p-default"">Course and assignment design</p></div>, <div class=""module-content""><p class=""heading font-h6-mobile"">Module 7</p><p class=""font-p-default"">Using feedback to improve your teaching</p></div>, <div class=""module-content""><p class=""heading font-h6-mobile"">Module 8</p><p class=""font-p-default"">Teaching portfolio preparation</p></div>]","['The knowledge to create a positive, supportive, and inclusive postsecondary education learning environment through the application of rapport-building techniques|', 'Practical skills on how to deliver a lesson, make it memorable, and bridge the knowledge gap between yourself and your students|', 'An understanding of effective third-level education teaching practices, useful for raising your institutional profile as a reflective teacher|', '', '']","No matter what stage you’re at in your academic career, being an effective educator is key to progression and promotion| This online short course is designed for professors, lecturers, researchers, academic staff, or aspiring higher education teachers interested in improving their teaching practice, classroom management, and ability to meaningfully develop the mindsets of their students|",Who you'll learn from,"Robert A. LueThe Late Richard L. Menschel Faculty Director, Harvard’s Derek Bok Center for Teaching and Learning
",https://www.getsmarter.com/rails/active_storage/representations/eyJfcmFpbHMiOnsibWVzc2FnZSI6IkJBaHBBaVVMIiwiZXhwIjpudWxsLCJwdXIiOiJibG9iX2lkIn19--9575846dfbebe8fdc099881dd2e78337c5a05672/eyJfcmFpbHMiOnsibWVzc2FnZSI6IkJBaDdCam9MY21WemFYcGxTU0lNTVRFd2VERXhNQVk2QmtWVSIsImV4cCI6bnVsbCwicHVyIjoidmFyaWF0aW9uIn19--e8e4d52386516ed9566f111cb5206b7b0185063d/Harvard-Crest_240x240_Transparent%20(1).png,,,,Dawie Maritz,"The online experience was really good. It was much better than actually going to a classroom. From knowing nothing to knowing enough to make an entire website, and kick-starting my self-learning adventure. The online support was brilliant. Our course lecturer was super responsive and helpful. I could not have asked for a better teacher.",8,weeks,8–10 ,2021-10-13T00:00:00,2021-10-05T00:00:00,English,Refine your teaching practice by embracing reflective skills and updated methods.,"Mobile,Desktop,Tablet",Paid,USD,"2,400","You can pay your course fees before the course starts, or you may opt for a split payment plan on courses that are nine weeks and shorter. For courses 10 weeks and longer, there is a three-part payment plan available.",Harvard's Derek Bok Center,https://www.getsmarter.com/products/harvard-bok-higher-education-teaching-certificate-online-short-course
Teaching With Technology,Course,"[<p><p><strong>Duration</strong>: 8 weeks
</p><p>As a result of accelerated global change, the integration of technology and education has become increasingly widespread. To excel in a modern classroom setting and the fast-evolving pedagogical landscape, educators need to adapt to new teaching and learning approaches to provide their students with an enhanced experience.
</p><p>Discover how to incorporate technology into your classroom activities, lesson plans, and teaching strategies on the <strong>Teaching With Technology</strong> online short course from the University of Cape Town (UCT). Guided by industry expert and associate professor Joanne Hardman, you’ll discover the history of technology as a teaching aid and develop the ability to initiate a pedagogical transformation using technology in your environment.
</p><p>Explore highly practical and theoretical applications as you gain the tools you need to deliver excellent education to your students at every educational phase. Apply these learnings, not only in times of disruption, but throughout your career.
</p></p>, <p><strong>Duration</strong>: 8 weeks
</p>, <p>As a result of accelerated global change, the integration of technology and education has become increasingly widespread. To excel in a modern classroom setting and the fast-evolving pedagogical landscape, educators need to adapt to new teaching and learning approaches to provide their students with an enhanced experience.
</p>, <p>Discover how to incorporate technology into your classroom activities, lesson plans, and teaching strategies on the <strong>Teaching With Technology</strong> online short course from the University of Cape Town (UCT). Guided by industry expert and associate professor Joanne Hardman, you’ll discover the history of technology as a teaching aid and develop the ability to initiate a pedagogical transformation using technology in your environment.
</p>, <p>Explore highly practical and theoretical applications as you gain the tools you need to deliver excellent education to your students at every educational phase. Apply these learnings, not only in times of disruption, but throughout your career.
</p>]",Online,Self Paced,"[<div class=""module-content""><p class=""heading font-h6-mobile"">Orientation module</p><p class=""font-p-default"">Welcome to your Online Campus</p></div>, <div class=""module-content""><p class=""heading font-h6-mobile"">Module 1</p><p class=""font-p-default"">Impact of emerging technologies on pedagogy</p></div>, <div class=""module-content""><p class=""heading font-h6-mobile"">Module 2</p><p class=""font-p-default"">Pedagogical theories</p></div>, <div class=""module-content""><p class=""heading font-h6-mobile"">Module 3</p><p class=""font-p-default"">21st century-oriented pedagogical theories</p></div>, <div class=""module-content""><p class=""heading font-h6-mobile"">Module 4</p><p class=""font-p-default"">Transforming pedagogy with technology: Diagnostic tools</p></div>, <div class=""module-content""><p class=""heading font-h6-mobile"">Module 5</p><p class=""font-p-default"">Transforming pedagogy with technology: Frameworks for change</p></div>, <div class=""module-content""><p class=""heading font-h6-mobile"">Module 6</p><p class=""font-p-default"">Transforming pedagogy with technology: Facilitating meaningful change</p></div>, <div class=""module-content""><p class=""heading font-h6-mobile"">Module 7</p><p class=""font-p-default"">Practical application: Foundation and intermediate phase</p></div>, <div class=""module-content""><p class=""heading font-h6-mobile"">Module 8</p><p class=""font-p-default"">Practical application: FET, TVET, and higher education phases</p></div>]","['Enhanced educational skills needed to adapt to new teaching approaches that enhance learning experiences for students| ', 'In-depth knowledge of how technology has evolved the teaching and training landscape|', 'The ability to create pedagogically sound, practical lesson plans for various education phases|', 'A comprehensive understanding of the pedagogical and practical implications of technology use in teaching and instruction|', '']",The course is aimed at educators who are looking to improve their teaching skills and enhance the quality of the education they provide| Teachers and trainers interested in deploying technology and new pedagogical techniques into their teaching style will benefit from gaining the tools to build practical lesson plans and strategies| The flexible format of weekly modules and deadlines allows educators the opportunity to update their competencies around a busy schedule|,Joanne Hardman,"Associate Professor, School of Education, UCT",https://www.getsmarter.com/rails/active_storage/representations/eyJfcmFpbHMiOnsibWVzc2FnZSI6IkJBaHBBaWdLIiwiZXhwIjpudWxsLCJwdXIiOiJibG9iX2lkIn19--17ebb882be372c29192cfdf11edeb59969371768/eyJfcmFpbHMiOnsibWVzc2FnZSI6IkJBaDdCam9MY21WemFYcGxTU0lNTVRFd2VERXhNQVk2QmtWVSIsImV4cCI6bnVsbCwicHVyIjoidmFyaWF0aW9uIn19--e8e4d52386516ed9566f111cb5206b7b0185063d/university_of_cape_town_teaching_with_technology_course_convenor_joanne_hardman%20(1).jpg,,,,Kelly Jura,"The program was insightful and inspiring. The professors did a wonderful job conveying abstract concepts through case studies and relevant examples. It was a wonderful opportunity to experience the thought leadership of MIT in a remote, online format. Connecting with like-minded individuals across the globe was great, too.",8,weeks,6–8 ,2021-09-27T00:00:00,2021-09-21T00:00:00,English,"Explore the practical applications of teaching with technology at every phase, from primary school to higher education.","Mobile,Desktop,Tablet",Paid,USD,693,"You can pay your course fees before the course starts, or you may opt for a split payment plan on courses that are nine weeks and shorter. For courses 10 weeks and longer, there is a three-part payment plan available.",University of Cape Town,https://www.getsmarter.com/products/uct-teaching-with-technology-online-short-course
Business Writing,Course,"[<p><p><strong>Duration:</strong> 10 weeks (excluding orientation)</p><p>Whether you’re still building your career or you’re already growing a company of your own, effective business writing is a crucial skill for anyone who wants to get ahead.</p><p>The Business Writing online short course from the University of Cape Town (UCT) will help you to develop and refine your professional communication skills in order to convey your ideas clearly and with impact. Arm yourself with a powerful toolkit for securing future business and career opportunities by learning to create well-thought-out, written and formatted professional documents that will get you noticed.</p><p>Over the course of 10 weeks, you’ll gain the ability to write for a range of business needs, including writing CVs and business plans, as well as comprehensive proposals, legal documents, reports, and professional emails.</p></p>, <p><strong>Duration:</strong> 10 weeks (excluding orientation)</p>, <p>Whether you’re still building your career or you’re already growing a company of your own, effective business writing is a crucial skill for anyone who wants to get ahead.</p>, <p>The Business Writing online short course from the University of Cape Town (UCT) will help you to develop and refine your professional communication skills in order to convey your ideas clearly and with impact. Arm yourself with a powerful toolkit for securing future business and career opportunities by learning to create well-thought-out, written and formatted professional documents that will get you noticed.</p>, <p>Over the course of 10 weeks, you’ll gain the ability to write for a range of business needs, including writing CVs and business plans, as well as comprehensive proposals, legal documents, reports, and professional emails.</p>]",Online,Self Paced,"[<div class=""module-content""><p class=""heading font-h6-mobile"">Orientation module</p><p class=""font-p-default"">Welcome to your Online Campus</p></div>, <div class=""module-content""><p class=""heading font-h6-mobile"">Module 1</p><p class=""font-p-default"">Preparation and design of documents</p></div>, <div class=""module-content""><p class=""heading font-h6-mobile"">Module 2</p><p class=""font-p-default"">Correspondence and language</p></div>, <div class=""module-content""><p class=""heading font-h6-mobile"">Module 3</p><p class=""font-p-default"">Electronic and traditional correspondence</p></div>, <div class=""module-content""><p class=""heading font-h6-mobile"">Module 4</p><p class=""font-p-default"">Visual business communication</p></div>, <div class=""module-content""><p class=""heading font-h6-mobile"">Module 5</p><p class=""font-p-default"">Introduction to report writing</p></div>, <div class=""module-content""><p class=""heading font-h6-mobile"">Module 6</p><p class=""font-p-default"">Report simulations</p></div>, <div class=""module-content""><p class=""heading font-h6-mobile"">Module 7</p><p class=""font-p-default"">Proposals</p></div>, <div class=""module-content""><p class=""heading font-h6-mobile"">Module 8</p><p class=""font-p-default"">Business plans</p></div>, <div class=""module-content""><p class=""heading font-h6-mobile"">Module 9</p><p class=""font-p-default"">Executive summary</p></div>, <div class=""module-content""><p class=""heading font-h6-mobile"">Module 10</p><p class=""font-p-default"">Writing for minutes</p></div>]","['The tools to express yourself clearly through written correspondence with others|', 'The ability to draft a business plan or professional CV that will help you stand out|', 'The formal writing skills to communicate with professionalism|', 'A certificate of completion from UCT as powerful proof of your new skill set|', '']","This course is designed for ambitious professionals and business leaders alike who are looking to set themselves apart in the market| The skills developed will help job seekers in any industry gain a competitive edge by giving them the ability to create professional documents both in a future role and when applying for positions| They’ll also have the opportunity to validate their skills to employers with a certificate from Africa’s leading university|1 For entrepreneurs and company leaders, the ability to craft effective business proposals and influence others will also be invaluable in moving their business forward, finding new partnerships, and driving success|

1 QS Top Universities (2019)|
",Terri Grant,"Associate Professor and Head of the Professional Communication Unit, UCT",https://www.getsmarter.com/rails/active_storage/representations/eyJfcmFpbHMiOnsibWVzc2FnZSI6IkJBaHBBbk1CIiwiZXhwIjpudWxsLCJwdXIiOiJibG9iX2lkIn19--63a3932227121f10dcf6416a03ab6b8604c34304/eyJfcmFpbHMiOnsibWVzc2FnZSI6IkJBaDdCam9MY21WemFYcGxTU0lNTVRFd2VERXhNQVk2QmtWVSIsImV4cCI6bnVsbCwicHVyIjoidmFyaWF0aW9uIn19--e8e4d52386516ed9566f111cb5206b7b0185063d/university_of_cape_town_business_writing_course_convenor_terri_grant.jpg,,,,Marcus Filler,Online learning was flexible and accessible. The most fun aspect was the discussion forum; it was fantastic and I loved sharing with my fellow classmates. Do not underestimate the value of doing a short course. The feeling of achievement when you complete each assignment is fantastic.,10,weeks,7–10 ,2021-10-07T00:00:00,2021-10-01T00:00:00,English,Become a powerful communicator as you learn how to write for a variety of business needs.,"Mobile,Desktop,Tablet",Paid,USD,973,"You can pay your course fees before the course starts, or you may opt for a split payment plan on courses that are nine weeks and shorter. For courses 10 weeks and longer, there is a three-part payment plan available.",University of Cape Town,https://www.getsmarter.com/products/uct-business-writing-online-short-course
Web Design,Course,"[<p><p><strong>Duration:</strong> 10 weeks (excluding orientation)</p><p>As the virtual face of a company, websites are a key component of many businesses’ marketing and operating strategies. For this reason, organisations across industries value the skills of professionals who can create engaging web pages that set the company’s brand apart from the crowd.</p><p>The Web Design online short course from the University of Cape Town (UCT) introduces you to the building blocks of web design, and aims to equip you with the theoretical knowledge and practical skills to build a strong online presence for yourself or your company. You’ll develop a basic understanding of coding languages and discover how to test and publish online pages that render across devices.</p><p>Throughout the course, you’ll apply your learnings to produce a four-page website, and have the chance to present your work to peers for feedback in a series of group ‘crit’ sessions. You’ll walk away with the confidence to start your career in the growing field of web design.</p></p>, <p><strong>Duration:</strong> 10 weeks (excluding orientation)</p>, <p>As the virtual face of a company, websites are a key component of many businesses’ marketing and operating strategies. For this reason, organisations across industries value the skills of professionals who can create engaging web pages that set the company’s brand apart from the crowd.</p>, <p>The Web Design online short course from the University of Cape Town (UCT) introduces you to the building blocks of web design, and aims to equip you with the theoretical knowledge and practical skills to build a strong online presence for yourself or your company. You’ll develop a basic understanding of coding languages and discover how to test and publish online pages that render across devices.</p>, <p>Throughout the course, you’ll apply your learnings to produce a four-page website, and have the chance to present your work to peers for feedback in a series of group ‘crit’ sessions. You’ll walk away with the confidence to start your career in the growing field of web design.</p>]",Online,Self Paced,"[<div class=""module-content""><p class=""heading font-h6-mobile"">Orientation module</p><p class=""font-p-default"">Welcome to your Online Campus</p></div>, <div class=""module-content""><p class=""heading font-h6-mobile"">Module 1</p><p class=""font-p-default"">Introduction to web design</p></div>, <div class=""module-content""><p class=""heading font-h6-mobile"">Module 2</p><p class=""font-p-default"">Planning a website: Content and structure</p></div>, <div class=""module-content""><p class=""heading font-h6-mobile"">Module 3</p><p class=""font-p-default"">Hypertext Markup Language (HTML)</p></div>, <div class=""module-content""><p class=""heading font-h6-mobile"">Module 4</p><p class=""font-p-default"">Image optimisation for the web</p></div>, <div class=""module-content""><p class=""heading font-h6-mobile"">Module 5</p><p class=""font-p-default"">Visualising a website: Colours, images, fonts, and layout</p></div>, <div class=""module-content""><p class=""heading font-h6-mobile"">Module 6</p><p class=""font-p-default"">Cascading Style Sheets (CSS)</p></div>, <div class=""module-content""><p class=""heading font-h6-mobile"">Module 7</p><p class=""font-p-default"">Styling HTML5 with CSS</p></div>, <div class=""module-content""><p class=""heading font-h6-mobile"">Module 8</p><p class=""font-p-default"">Responsive web design</p></div>, <div class=""module-content""><p class=""heading font-h6-mobile"">Module 9</p><p class=""font-p-default"">Writing web-optimised copy and linking pages</p></div>, <div class=""module-content""><p class=""heading font-h6-mobile"">Module 10</p><p class=""font-p-default"">Testing, publishing, and maintaining a website</p></div>]","['The skills to write basic HTML code and style a web page using CSS|', 'The ability to edit and optimise graphics and content for web use|', 'An understanding of the tools and practices involved in responsive and interactive web design|', 'A fully functioning four-page website that’s responsive and optimised for search|', 'A certificate from Africa’s leading university as proof of your new skills|']","This introductory course is designed for working professionals who want to remain relevant in the competitive digital age| Equally, it’s suited to anyone eager to change career direction or upskill in tasks related to web design, graphic design, art direction, and digital marketing| Individuals with existing web design experience can validate their skills with a UCT certificate of completion| Please note, students will be responsible for the purchase of their own domain names for this course|
",Dr Ronald Irwin,"Senior Lecturer of Media Studies and Production, University of Cape Town",https://www.getsmarter.com/rails/active_storage/representations/eyJfcmFpbHMiOnsibWVzc2FnZSI6IkJBaHBBa01DIiwiZXhwIjpudWxsLCJwdXIiOiJibG9iX2lkIn19--04398db0519e022602ca504b3fae397b394a1350/eyJfcmFpbHMiOnsibWVzc2FnZSI6IkJBaDdCam9MY21WemFYcGxTU0lNTVRFd2VERXhNQVk2QmtWVSIsImV4cCI6bnVsbCwicHVyIjoidmFyaWF0aW9uIn19--e8e4d52386516ed9566f111cb5206b7b0185063d/university_of_cape_town_feature_journalism_course_convenor_ronald_irwin.jpg,,,,Klara Loots,"The biggest lesson I learnt was to think less (and to ‘show’ rather than ‘tell’) when it comes to writing – it is the only way to be truly original – you can check facts and grammar later – just get it out there, onto paper, and then go back and use a bit of common sense – don’t think, just write!",10,weeks,7–10 ,2021-10-04T00:00:00,2021-09-28T00:00:00,English,"Learn the foundations of web design, and grow the confidence to structure, create, and maintain an original and responsive website.","Mobile,Desktop,Tablet",Paid,USD,"1,015","You can pay your course fees before the course starts, or you may opt for a split payment plan on courses that are nine weeks and shorter. For courses 10 weeks and longer, there is a three-part payment plan available.",University of Cape Town,https://www.getsmarter.com/products/uct-web-design-online-short-course
Human-Computer Interaction for User Experience Design,Course,"[<p><p><strong>Duration</strong>: 6 weeks (excluding orientation)</p><p>Human-Computer Interaction (HCI) has evolved extensively over time. Along with advancements in technology, HCI has the potential to transform our experience with machines by creating simpler, more powerful, and intuitive digital experiences.</p><p>The <strong>Human-Computer Interaction for User Experience Design</strong> online short course from the MIT Computer Science and Artificial Intelligence Laboratory (CSAIL) helps you reflect on the current state of user and computer interaction. Eight experts from MIT CSAIL have dedicated their research efforts to exploring the ways in which HCI can be enhanced, and they’re opening that research up to you through this online course so you can apply it for improved user experience (UX) and user interface (UI) design.</p><p>Guided by their industry insight, you’ll have the opportunity to imagine the future of HCI by reflecting on non-traditional interaction, speech recognition, and rapid prototyping, among others. Over the course of six weeks online, you’ll examine real-world applications of technology aimed at bettering UX and UI design, as you take your understanding beyond interface by integrating future-focused HCI into your work.<br/></p></p>, <p><strong>Duration</strong>: 6 weeks (excluding orientation)</p>, <p>Human-Computer Interaction (HCI) has evolved extensively over time. Along with advancements in technology, HCI has the potential to transform our experience with machines by creating simpler, more powerful, and intuitive digital experiences.</p>, <p>The <strong>Human-Computer Interaction for User Experience Design</strong> online short course from the MIT Computer Science and Artificial Intelligence Laboratory (CSAIL) helps you reflect on the current state of user and computer interaction. Eight experts from MIT CSAIL have dedicated their research efforts to exploring the ways in which HCI can be enhanced, and they’re opening that research up to you through this online course so you can apply it for improved user experience (UX) and user interface (UI) design.</p>, <p>Guided by their industry insight, you’ll have the opportunity to imagine the future of HCI by reflecting on non-traditional interaction, speech recognition, and rapid prototyping, among others. Over the course of six weeks online, you’ll examine real-world applications of technology aimed at bettering UX and UI design, as you take your understanding beyond interface by integrating future-focused HCI into your work.<br/></p>]",Online,Self Paced,"[<div class=""module-content""><p class=""heading font-h6-mobile"">Orientation module</p><p class=""font-p-default"">Welcome to your Online Campus</p></div>, <div class=""module-content""><p class=""heading font-h6-mobile"">Module 1</p><p class=""font-p-default"">The essence of interaction design</p></div>, <div class=""module-content""><p class=""heading font-h6-mobile"">Module 2</p><p class=""font-p-default"">Natural interaction </p></div>, <div class=""module-content""><p class=""heading font-h6-mobile"">Module 3</p><p class=""font-p-default"">Collaborative computer interaction</p></div>, <div class=""module-content""><p class=""heading font-h6-mobile"">Module 4</p><p class=""font-p-default"">Intelligent user interfaces and prototyping  </p></div>, <div class=""module-content""><p class=""heading font-h6-mobile"">Module 5</p><p class=""font-p-default"">Multimedia, speech, and vision in computer interaction</p></div>, <div class=""module-content""><p class=""heading font-h6-mobile"">Module 6</p><p class=""font-p-default"">The future directions of user interaction</p></div>]","['The ability to integrate HCI thinking into your own work, building on your current knowledge of user experience (UX) to explore new possibilities|', 'Access to the forward-thinking research of eight industry experts that are changing the face of human-computer interaction|', 'The ability to better understand speech and vision tools through examples like eye-tracking and gaze-following technologies|', '', '']","This program is designed to equip those who are interested in understanding the latest HCI research as part of their professional education or are looking to explore a new career in human-computer interaction| Industry UX designers also stand to benefit by exploring HCI thinking and real-world applications, empowering them to conceptualize better interface designs| ",Daniela Rus,Professor of Electrical Engineering and Computer Science and Director of the Computer Science and Artificial Intelligence Laboratory (CSAIL) at MIT,https://www.getsmarter.com/rails/active_storage/representations/eyJfcmFpbHMiOnsibWVzc2FnZSI6IkJBaHBaQT09IiwiZXhwIjpudWxsLCJwdXIiOiJibG9iX2lkIn19--227b80d5bd183dddcf4854fc77badd34414110c4/eyJfcmFpbHMiOnsibWVzc2FnZSI6IkJBaDdCam9MY21WemFYcGxTU0lNTVRFd2VERXhNQVk2QmtWVSIsImV4cCI6bnVsbCwicHVyIjoidmFyaWF0aW9uIn19--e8e4d52386516ed9566f111cb5206b7b0185063d/mit_csail_human_computer_interaction_for_user_experience_design_course_convenor_daniela_rus.jpg,,,,,,6,weeks,8–10 ,2021-09-29T00:00:00,2021-09-21T00:00:00,English,Inform your user experience design with cutting-edge HCI concepts.,"Mobile,Desktop,Tablet",Paid,USD,"2,500","You can pay your course fees before the course starts, or you may opt for a split payment plan on courses that are nine weeks and shorter. For courses 10 weeks and longer, there is a three-part payment plan available.",MIT Computer Science and Artificial Intelligence Laboratory,https://www.getsmarter.com/products/mit-csail-human-computer-interaction-for-user-experience-design-online-short-course
Instructional Design,Course,"[<p><p><strong>Duration</strong>: 8 weeks (excluding orientation)</p><p>The evolution of the modern workplace – including the rapid progression of technical and environmental disruption – has made the upskilling and reskilling of employees a vital concern for organisations worldwide.<sup>1</sup> These changes have increased the need for learning opportunities that address the specific requirements of businesses. At the same time, it’s heightened the demand for those with the skills to create and implement engaging, effective learning material.
</p><p>The Instructional Design online short course from the University of Cape Town (UCT) gives you the tools to create effective learning experiences and embrace a new role as an agent of change. Gain a holistic understanding of the fundamental principles of instructional design, including content curation and using learning management platforms, with a focus on African and emerging-market contexts. On the course, you’ll learn to use incentivisation tactics, particularly gamification, to achieve learning goals. You’ll also explore the links between instructional design and organisational goals, and build a portfolio of transformative instructional design work that applies directly to your current context.
</p><p><em><sup>1</sup> <a data-ol-has-click-handler="""" href=""http://www3.weforum.org/docs/WEF_Future_of_Jobs_2020.pdf"" target=""_blank"">World Economic Forum</a> (Oct, 2020).</em>
</p></p>, <p><strong>Duration</strong>: 8 weeks (excluding orientation)</p>, <p>The evolution of the modern workplace – including the rapid progression of technical and environmental disruption – has made the upskilling and reskilling of employees a vital concern for organisations worldwide.<sup>1</sup> These changes have increased the need for learning opportunities that address the specific requirements of businesses. At the same time, it’s heightened the demand for those with the skills to create and implement engaging, effective learning material.
</p>, <p>The Instructional Design online short course from the University of Cape Town (UCT) gives you the tools to create effective learning experiences and embrace a new role as an agent of change. Gain a holistic understanding of the fundamental principles of instructional design, including content curation and using learning management platforms, with a focus on African and emerging-market contexts. On the course, you’ll learn to use incentivisation tactics, particularly gamification, to achieve learning goals. You’ll also explore the links between instructional design and organisational goals, and build a portfolio of transformative instructional design work that applies directly to your current context.
</p>, <p><em><sup>1</sup> <a data-ol-has-click-handler="""" href=""http://www3.weforum.org/docs/WEF_Future_of_Jobs_2020.pdf"" target=""_blank"">World Economic Forum</a> (Oct, 2020).</em>
</p>]",Online,Self Paced,"[<div class=""module-content""><p class=""heading font-h6-mobile"">Orientation module</p><p class=""font-p-default"">Welcome to your Online Campus</p></div>, <div class=""module-content""><p class=""heading font-h6-mobile"">Module 1</p><p class=""font-p-default"">Foundations of instructional design</p></div>, <div class=""module-content""><p class=""heading font-h6-mobile"">Module 2</p><p class=""font-p-default"">The instructional designer as agent of change</p></div>, <div class=""module-content""><p class=""heading font-h6-mobile"">Module 3</p><p class=""font-p-default"">Learning management platforms</p></div>, <div class=""module-content""><p class=""heading font-h6-mobile"">Module 4</p><p class=""font-p-default"">Instructional design models and processes</p></div>, <div class=""module-content""><p class=""heading font-h6-mobile"">Module 5</p><p class=""font-p-default"">Analysis for content creation</p></div>, <div class=""module-content""><p class=""heading font-h6-mobile"">Module 6</p><p class=""font-p-default"">The principles of learning design</p></div>, <div class=""module-content""><p class=""heading font-h6-mobile"">Module 7</p><p class=""font-p-default"">Gamification and the role of e-learning tools</p></div>, <div class=""module-content""><p class=""heading font-h6-mobile"">Module 8</p><p class=""font-p-default"">Course implementation and evaluation</p></div>]","['An understanding of how to use incentivisation tactics, particularly gamification, to better achieve organisational learning goals|', 'A portfolio of transformative instructional design work that you can apply directly to your current organisation|', 'Insight into an instructional designer’s role as an agent of change, and how instructional design links to an organisation’s broader goals|', 'A holistic view of the fundamentals of instructional design, content curation, and using learning management platforms in an African and emerging-market context|', '']","By offering a holistic approach to instructional design, this course provides you with the tools to make an impact as an agent of change within your organisation| The current importance of upskilling and reskilling means that this course also allows you to increase your organisational impact if you work in human resources (HR) or corporate training| If you’re a teacher or educator, you’ll get the opportunity to expand your career to new horizons and apply your skills to broad contexts| You’ll also have the opportunity to gain up-to-date insights into the latest developments and applications of instructional design| If you’re interested in a career in the fast-growing instructional design industry, this course offers you key skills and a portfolio of instructional design work for application in multiple contexts| Ultimately, you’ll gain the knowledge and practical tools needed to foster long-lasting, positive change through education and training|",Joanne Hardman,"Associate Professor, School of Education, UCT",https://www.getsmarter.com/rails/active_storage/representations/eyJfcmFpbHMiOnsibWVzc2FnZSI6IkJBaHBBaWdLIiwiZXhwIjpudWxsLCJwdXIiOiJibG9iX2lkIn19--17ebb882be372c29192cfdf11edeb59969371768/eyJfcmFpbHMiOnsibWVzc2FnZSI6IkJBaDdCam9MY21WemFYcGxTU0lNTVRFd2VERXhNQVk2QmtWVSIsImV4cCI6bnVsbCwicHVyIjoidmFyaWF0aW9uIn19--e8e4d52386516ed9566f111cb5206b7b0185063d/university_of_cape_town_teaching_with_technology_course_convenor_joanne_hardman%20(1).jpg,,,,,,8,weeks,6–8 ,2021-11-01T00:00:00,2021-10-26T00:00:00,English,Gain up-to-date skills to build effective training programmes as an instructional designer.,"Mobile,Desktop,Tablet",Paid,USD,833,"You can pay your course fees before the course starts, or you may opt for a split payment plan on courses that are nine weeks and shorter. For courses 10 weeks and longer, there is a three-part payment plan available.",University of Cape Town,https://www.getsmarter.com/products/uct-instructional-design-online-short-course
User Experience Design,Course,"[<p><p><strong>Duration</strong>: 10 weeks (excluding orientation)<br/></p><p>Ease of use is now a vital feature of an effective digital environment. For a website or app to holistically serve its purpose, it needs to offer customers a seamless, intuitive user experience (UX). </p><p>The University of Cape Town (UCT) User Experience Design online short course enables you to understand how users interact with online content so that you can design environments that meet their evolving needs. You’ll discover key UX research and design techniques, and learn how to work with stakeholders, run user tests, design wireframes, and develop prototypes. You’ll also analyse current trends in the field, and map out a professional journey for yourself so that you can better leverage your new skills to launch a career in UX.</p></p>, <p><strong>Duration</strong>: 10 weeks (excluding orientation)<br/></p>, <p>Ease of use is now a vital feature of an effective digital environment. For a website or app to holistically serve its purpose, it needs to offer customers a seamless, intuitive user experience (UX). </p>, <p>The University of Cape Town (UCT) User Experience Design online short course enables you to understand how users interact with online content so that you can design environments that meet their evolving needs. You’ll discover key UX research and design techniques, and learn how to work with stakeholders, run user tests, design wireframes, and develop prototypes. You’ll also analyse current trends in the field, and map out a professional journey for yourself so that you can better leverage your new skills to launch a career in UX.</p>]",Online,Self Paced,"[<div class=""module-content""><p class=""heading font-h6-mobile"">Orientation module</p><p class=""font-p-default"">Welcome to your Online Campus</p></div>, <div class=""module-content""><p class=""heading font-h6-mobile"">Module 1</p><p class=""font-p-default"">Introduction to user experience design</p></div>, <div class=""module-content""><p class=""heading font-h6-mobile"">Module 2</p><p class=""font-p-default"">Building a product-use context</p></div>, <div class=""module-content""><p class=""heading font-h6-mobile"">Module 3</p><p class=""font-p-default"">Outcomes and stakeholder management</p></div>, <div class=""module-content""><p class=""heading font-h6-mobile"">Module 4</p><p class=""font-p-default"">Research and evidence gathering</p></div>, <div class=""module-content""><p class=""heading font-h6-mobile"">Module 5</p><p class=""font-p-default"">Evaluation, alignment, and reporting</p></div>, <div class=""module-content""><p class=""heading font-h6-mobile"">Module 6</p><p class=""font-p-default"">The aesthetics of user experience</p></div>, <div class=""module-content""><p class=""heading font-h6-mobile"">Module 7</p><p class=""font-p-default"">Wireframing</p></div>, <div class=""module-content""><p class=""heading font-h6-mobile"">Module 8</p><p class=""font-p-default"">Prototyping</p></div>, <div class=""module-content""><p class=""heading font-h6-mobile"">Module 9</p><p class=""font-p-default"">Presentation and delivery of a UX study</p></div>, <div class=""module-content""><p class=""heading font-h6-mobile"">Module 10</p><p class=""font-p-default"">A brave new world: UX in practice</p></div>]","['A 12-month personal development road map that outlines your growth as a UX design practitioner|', 'The ability to analyse a website brief and make aesthetic and functional design recommendations for an enhanced user experience|', 'The skills to design paper and click-through prototypes, and run tests with user analysis samples|', 'An understanding of how to work effectively with project stakeholders to achieve design goals|', '']","This course is suitable for anyone who wants to boost their understanding of online user behaviour and walk away with tools to improve the usability of a website or app| The content is ideal for professionals who need to develop highly transferable, practical UX design skills in order to improve performance in their current position or who wish to prepare for future career growth| Those already in a design, digital marketing, product ownership, or web development role will further expand their knowledge and validate their existing expertise| No prior technical knowledge of coding is required for this course|
",Dr Adheesh Budree,"Senior Lecturer, Faculty of Commerce, UCT",https://www.getsmarter.com/rails/active_storage/representations/eyJfcmFpbHMiOnsibWVzc2FnZSI6IkJBaHBBbVFCIiwiZXhwIjpudWxsLCJwdXIiOiJibG9iX2lkIn19--30cdd4ab5760c6e656064e4e963472365179bda3/eyJfcmFpbHMiOnsibWVzc2FnZSI6IkJBaDdCam9MY21WemFYcGxTU0lNTVRFd2VERXhNQVk2QmtWVSIsImV4cCI6bnVsbCwicHVyIjoidmFyaWF0aW9uIn19--e8e4d52386516ed9566f111cb5206b7b0185063d/university_of_cape_town_business_analytics_course_convenor_adheesh_budree.jpg,,,,,,10,weeks,7–10 ,2021-11-08T00:00:00,2021-11-02T00:00:00,English,Optimise website navigation and create an engaging user experience for customers.,"Mobile,Desktop,Tablet",Paid,USD,945,"You can pay your course fees before the course starts, or you may opt for a split payment plan on courses that are nine weeks and shorter. For courses 10 weeks and longer, there is a three-part payment plan available.",University of Cape Town,https://www.getsmarter.com/products/uct-user-experience-design-online-short-course
Teaching Certificate: The Science of Social and Emotional Learning,Course,"[<p><p><strong>Duration</strong>: 6 weeks (excluding orientation)</p><p>In an increasingly fast-changing and diverse world, the role of social and emotional skills is more important than ever. Social and Emotional Learning (SEL) provides a foundation for positive, long-term effects in children, adults, and communities. People with strong social-emotional skills are better able to cope with everyday challenges and benefit academically, professionally, and socially. </p><p>The Teaching Certificate: The Science of Social and Emotional Learning* from Northwestern University’s School of Education and Social Policy will give you  the tools to effectively plan classroom experiences that promote self-awareness, self-management, social awareness, relationship-building, and decision-making through an equity and trauma-informed lens. Throughout this online short course, you’ll learn how SEL can help mitigate stress, anxiety, and trauma while promoting well-being and improved social awareness. With an in-depth look at the key concepts of SEL, you’ll learn how to enhance the teaching and learning experience in your classroom practices.</p><p>Over six weeks, you’ll develop a plan to implement SEL techniques in your educational context as you work towards earning a certificate of completion from a highly ranked education school.</p><p><em>* This online short course does not constitute licensure. </em></p></p>, <p><strong>Duration</strong>: 6 weeks (excluding orientation)</p>, <p>In an increasingly fast-changing and diverse world, the role of social and emotional skills is more important than ever. Social and Emotional Learning (SEL) provides a foundation for positive, long-term effects in children, adults, and communities. People with strong social-emotional skills are better able to cope with everyday challenges and benefit academically, professionally, and socially. </p>, <p>The Teaching Certificate: The Science of Social and Emotional Learning* from Northwestern University’s School of Education and Social Policy will give you  the tools to effectively plan classroom experiences that promote self-awareness, self-management, social awareness, relationship-building, and decision-making through an equity and trauma-informed lens. Throughout this online short course, you’ll learn how SEL can help mitigate stress, anxiety, and trauma while promoting well-being and improved social awareness. With an in-depth look at the key concepts of SEL, you’ll learn how to enhance the teaching and learning experience in your classroom practices.</p>, <p>Over six weeks, you’ll develop a plan to implement SEL techniques in your educational context as you work towards earning a certificate of completion from a highly ranked education school.</p>, <p><em>* This online short course does not constitute licensure. </em></p>]",Online,Self Paced,"[<div class=""module-content""><p class=""heading font-h6-mobile"">Orientation module</p><p class=""font-p-default"">Welcome to your Online Campus</p></div>, <div class=""module-content""><p class=""heading font-h6-mobile"">Module 1</p><p class=""font-p-default"">Introducing social and emotional learning (SEL)</p></div>, <div class=""module-content""><p class=""heading font-h6-mobile"">Module 2</p><p class=""font-p-default"">Stress, anxiety, and trauma</p></div>, <div class=""module-content""><p class=""heading font-h6-mobile"">Module 3</p><p class=""font-p-default"">Self-awareness and self-management</p></div>, <div class=""module-content""><p class=""heading font-h6-mobile"">Module 4</p><p class=""font-p-default"">Social awareness and relationship-building</p></div>, <div class=""module-content""><p class=""heading font-h6-mobile"">Module 5</p><p class=""font-p-default"">Decision-making</p></div>, <div class=""module-content""><p class=""heading font-h6-mobile"">Module 6</p><p class=""font-p-default"">SEL in every classroom: Every lesson, every day</p></div>]","['Knowledge of key concepts in Social and Emotional Learning, from an equitable and trauma-informed perspective|', 'Insight into how Social and Emotional Learning practices can offset the effects of stress and anxiety, increase well-being, and build resilience|', 'The ability to use techniques that promote Social and Emotional Learning in your classroom|', 'A plan to implement Social and Emotional Learning in your educational context|', '']","The course is designed for all teachers, but particularly those at PreK-12 and PreK-16 levels| Educators from all backgrounds, including educational providers, professors, lecturers, researchers, and academic staff will benefit from the SEL insights in this course| The practical nature of the course benefits anyone with an interest in education, no matter the level| Professionals tasked with evaluating teachers in relation to SEL will also be equipped with the knowledge and tools to do so| ",Timothy Dohrer," Assistant Professor, School of Education and Social Policy at Northwestern University",https://www.getsmarter.com/rails/active_storage/representations/eyJfcmFpbHMiOnsibWVzc2FnZSI6IkJBaHBBbzhQIiwiZXhwIjpudWxsLCJwdXIiOiJibG9iX2lkIn19--76b24694133456c72e42678ebbe4519ba0532ef6/eyJfcmFpbHMiOnsibWVzc2FnZSI6IkJBaDdCam9MY21WemFYcGxTU0lNTVRFd2VERXhNQVk2QmtWVSIsImV4cCI6bnVsbCwicHVyIjoidmFyaWF0aW9uIn19--e8e4d52386516ed9566f111cb5206b7b0185063d/northwestern_university_teaching_certificate_the_science_of_social_and_emotional_learning_course_convenor_timothy_dohrer.jpg,,,,,,6,weeks,6–8 ,2022-01-26T00:00:00,2022-01-18T00:00:00,English,Harness essential Social and Emotional Learning techniques to create an enhanced teaching and learning experience.,"Mobile,Desktop,Tablet",Paid,USD,"1,500","You can pay your course fees before the course starts, or you may opt for a split payment plan on courses that are nine weeks and shorter. For courses 10 weeks and longer, there is a three-part payment plan available.",School of Education and Social Policy,https://www.getsmarter.com/products/northwestern-university-teaching-certificate-the-science-of-social-and-emotional-learning-online-short-course
Feature Journalism,Course,"[<p><p><strong>Duration:</strong> 10 weeks (excluding orientation)<br/></p><p>The rise of online content marketing and brand journalism has ignited the demand for professionals who produce quality content that is accurate, informative, and generates readership. The University of Cape Town’s (UCT) Feature Journalism online short course equips you with the skills needed to research, write, and sell your features to a variety of publications. Over the course of 10 weeks, you’ll refine and enhance your writing skills as you become a better journalist and build towards your writing career.
</p><p>This highly practical online course explores the development of feature stories, research methods, and interview techniques, amongst other essential content elements such as language, structure, and editing methods. Navigate the legal aspects and ethical implications of journalism, and discover best practices for working with editors. Throughout the course you’ll produce your own 2000-word feature article, guided and reviewed by the award-winning journalist André Wiesner.<sup>1</sup></p><sup><em>1</em></sup> <a href=""http://andrewiesner.com/about"" target=""_blank""><em>André Wiesner</em></a><em> (Nd.) Accessed 2019.</em></p>, <p><strong>Duration:</strong> 10 weeks (excluding orientation)<br/></p>, <p>The rise of online content marketing and brand journalism has ignited the demand for professionals who produce quality content that is accurate, informative, and generates readership. The University of Cape Town’s (UCT) Feature Journalism online short course equips you with the skills needed to research, write, and sell your features to a variety of publications. Over the course of 10 weeks, you’ll refine and enhance your writing skills as you become a better journalist and build towards your writing career.
</p>, <p>This highly practical online course explores the development of feature stories, research methods, and interview techniques, amongst other essential content elements such as language, structure, and editing methods. Navigate the legal aspects and ethical implications of journalism, and discover best practices for working with editors. Throughout the course you’ll produce your own 2000-word feature article, guided and reviewed by the award-winning journalist André Wiesner.<sup>1</sup></p>]",Online,Self Paced,"[<div class=""module-content""><p class=""heading font-h6-mobile"">Orientation module</p><p class=""font-p-default"">Welcome to your Online Campus</p></div>, <div class=""module-content""><p class=""heading font-h6-mobile"">Module 1</p><p class=""font-p-default"">Introduction to feature journalism</p></div>, <div class=""module-content""><p class=""heading font-h6-mobile"">Module 2</p><p class=""font-p-default"">The form and function of features</p></div>, <div class=""module-content""><p class=""heading font-h6-mobile"">Module 3</p><p class=""font-p-default"">Developing feature story ideas</p></div>, <div class=""module-content""><p class=""heading font-h6-mobile"">Module 4</p><p class=""font-p-default"">Researching the feature article</p></div>, <div class=""module-content""><p class=""heading font-h6-mobile"">Module 5</p><p class=""font-p-default"">Interviewing for feature journalism</p></div>, <div class=""module-content""><p class=""heading font-h6-mobile"">Module 6</p><p class=""font-p-default"">Essential elements of feature articles</p></div>, <div class=""module-content""><p class=""heading font-h6-mobile"">Module 7</p><p class=""font-p-default"">Language and structure</p></div>, <div class=""module-content""><p class=""heading font-h6-mobile"">Module 8</p><p class=""font-p-default"">Editing your article for style and clarity</p></div>, <div class=""module-content""><p class=""heading font-h6-mobile"">Module 9</p><p class=""font-p-default"">Journalistic ethics</p></div>, <div class=""module-content""><p class=""heading font-h6-mobile"">Module 10</p><p class=""font-p-default"">Selling your writing</p></div>]","['The skills to develop, research, and interview for feature journalism, alongside editing and structuring methods|', 'A 2000-word article for your portfolio or for publication, guided by award-winning journalist André Wiesner|', 'An understanding of the legal and ethical implications of feature journalism|', 'The knowledge needed to sell your articles within the publishing market|', '']","This course is designed for anyone wanting to develop their professional writing by acquiring in-depth research and interviewing skills, as well as those hoping to improve their readers’ experience by refining their structuring and editing knowledge| This is valuable to anyone hoping to enter into the journalism industry, and existing writers who wish to further enhance their skill set and expand their expertise| The course also offers the chance to validate your feature journalism skills with a certificate from UCT, and offers you the chance to expand your writing network by collaborating with fellow writers|
",Dr Ronald Irwin,"Senior Lecturer of Media Studies and Production, University of Cape Town",https://www.getsmarter.com/rails/active_storage/representations/eyJfcmFpbHMiOnsibWVzc2FnZSI6IkJBaHBBa01DIiwiZXhwIjpudWxsLCJwdXIiOiJibG9iX2lkIn19--04398db0519e022602ca504b3fae397b394a1350/eyJfcmFpbHMiOnsibWVzc2FnZSI6IkJBaDdCam9MY21WemFYcGxTU0lNTVRFd2VERXhNQVk2QmtWVSIsImV4cCI6bnVsbCwicHVyIjoidmFyaWF0aW9uIn19--e8e4d52386516ed9566f111cb5206b7b0185063d/university_of_cape_town_feature_journalism_course_convenor_ronald_irwin.jpg,,,,,,10,weeks,7–10 ,2022-04-07T00:00:00,2022-04-01T00:00:00,English,"Navigate the styles, structure, and processes of feature journalism.","Mobile,Desktop,Tablet",Paid,USD,833,"You can pay your course fees before the course starts, or you may opt for a split payment plan on courses that are nine weeks and shorter. For courses 10 weeks and longer, there is a three-part payment plan available.",University of Cape Town,https://www.getsmarter.com/products/uct-feature-journalism-online-short-course
Digital Photography,Course,"[<p><p><strong>Duration</strong>: 10 weeks (excluding orientation)<br/></p><p>Images are a powerful way to immortalise moments and tell compelling stories. Whether you plan to draw on photography in a personal or professional capacity, these skills are a valuable addition to your repertoire of competencies.</p><p>The University of Cape Town (UCT) Digital Photography online short course introduces you to the features and functionalities of digital SLR cameras, and teaches you how to use different settings to take high-quality images under a range of conditions. You’ll also discover the principles of composition, and learn basic photo-editing techniques.</p><p>During the course, you’ll apply what you learn practically to produce a range of images, and you’ll benefit from ongoing constructive feedback from your head tutor, professional photographer Roberta Crumplin.</p></p>, <p><strong>Duration</strong>: 10 weeks (excluding orientation)<br/></p>, <p>Images are a powerful way to immortalise moments and tell compelling stories. Whether you plan to draw on photography in a personal or professional capacity, these skills are a valuable addition to your repertoire of competencies.</p>, <p>The University of Cape Town (UCT) Digital Photography online short course introduces you to the features and functionalities of digital SLR cameras, and teaches you how to use different settings to take high-quality images under a range of conditions. You’ll also discover the principles of composition, and learn basic photo-editing techniques.</p>, <p>During the course, you’ll apply what you learn practically to produce a range of images, and you’ll benefit from ongoing constructive feedback from your head tutor, professional photographer Roberta Crumplin.</p>]",Online,Self Paced,"[<div class=""module-content""><p class=""heading font-h6-mobile"">Orientation module</p><p class=""font-p-default"">Welcome to your Online Campus</p></div>, <div class=""module-content""><p class=""heading font-h6-mobile"">Module 1</p><p class=""font-p-default"">Getting to know your camera</p></div>, <div class=""module-content""><p class=""heading font-h6-mobile"">Module 2</p><p class=""font-p-default"">Aperture</p></div>, <div class=""module-content""><p class=""heading font-h6-mobile"">Module 3</p><p class=""font-p-default"">Shutter speed</p></div>, <div class=""module-content""><p class=""heading font-h6-mobile"">Module 4</p><p class=""font-p-default"">ISO</p></div>, <div class=""module-content""><p class=""heading font-h6-mobile"">Module 5</p><p class=""font-p-default"">How your camera understands light</p></div>, <div class=""module-content""><p class=""heading font-h6-mobile"">Module 6</p><p class=""font-p-default"">How to make use of your flash</p></div>, <div class=""module-content""><p class=""heading font-h6-mobile"">Module 7</p><p class=""font-p-default"">Composition</p></div>, <div class=""module-content""><p class=""heading font-h6-mobile"">Module 8</p><p class=""font-p-default"">Portraits</p></div>, <div class=""module-content""><p class=""heading font-h6-mobile"">Module 9</p><p class=""font-p-default"">Landscape</p></div>, <div class=""module-content""><p class=""heading font-h6-mobile"">Module 10</p><p class=""font-p-default"">Basic photo editing techniques</p></div>]","['An understanding of key photographic concepts, such as aperture, shutter speed, and ISO, and how they impact image quality|', 'The ability to use light to your advantage, and the knowledge to construct appealing compositions|', 'The skills to digitally edit photographs and apply a range of visual effects|', '', '']","This course covers foundational digital photography terms and techniques| It’s therefore suited to both hobbyists and aspiring or self-taught photographers wanting to build or refine a practical skill set| Similarly, the content will appeal to professionals looking to develop digital photography skills for application in marketing, journalism, and other business contexts| In order to complete this course, students need access to their own digital SLR camera|
",Dr Ian-Malcolm Rijsdijk,"Senior Lecturer in the Centre for Film and Media Studies and Director of the African Cinema Unit, UCT",https://www.getsmarter.com/rails/active_storage/representations/eyJfcmFpbHMiOnsibWVzc2FnZSI6IkJBaHBBaDhEIiwiZXhwIjpudWxsLCJwdXIiOiJibG9iX2lkIn19--076b7cf5ad24603e02a7197e029b1cb287684653/eyJfcmFpbHMiOnsibWVzc2FnZSI6IkJBaDdCam9MY21WemFYcGxTU0lNTVRFd2VERXhNQVk2QmtWVSIsImV4cCI6bnVsbCwicHVyIjoidmFyaWF0aW9uIn19--e8e4d52386516ed9566f111cb5206b7b0185063d/university_of_cape_town_digital_photography_course_convenor_ian-malcolm_rijsdijk.jpg,,,,,,10,weeks,,,,English,Learn how to capture and edit high-quality digital photographs for business or personal purposes.,"Mobile,Desktop,Tablet",Paid,USD,693,"You can pay your course fees before the course starts, or you may opt for a split payment plan on courses that are nine weeks and shorter. For courses 10 weeks and longer, there is a three-part payment plan available.",University of Cape Town,https://www.getsmarter.com/products/uct-digital-photography-online-short-course
